CREATE DATABASE  IF NOT EXISTS `teachers_db` /*!40100 DEFAULT CHARACTER SET utf8 */;
USE `teachers_db`;
-- MySQL dump 10.13  Distrib 5.6.28, for debian-linux-gnu (x86_64)
--
-- Host: localhost    Database: teachers_db
-- ------------------------------------------------------
-- Server version	5.6.28-0ubuntu0.15.04.1

/*!40101 SET @OLD_CHARACTER_SET_CLIENT=@@CHARACTER_SET_CLIENT */;
/*!40101 SET @OLD_CHARACTER_SET_RESULTS=@@CHARACTER_SET_RESULTS */;
/*!40101 SET @OLD_COLLATION_CONNECTION=@@COLLATION_CONNECTION */;
/*!40101 SET NAMES utf8 */;
/*!40103 SET @OLD_TIME_ZONE=@@TIME_ZONE */;
/*!40103 SET TIME_ZONE='+00:00' */;
/*!40014 SET @OLD_UNIQUE_CHECKS=@@UNIQUE_CHECKS, UNIQUE_CHECKS=0 */;
/*!40014 SET @OLD_FOREIGN_KEY_CHECKS=@@FOREIGN_KEY_CHECKS, FOREIGN_KEY_CHECKS=0 */;
/*!40101 SET @OLD_SQL_MODE=@@SQL_MODE, SQL_MODE='NO_AUTO_VALUE_ON_ZERO' */;
/*!40111 SET @OLD_SQL_NOTES=@@SQL_NOTES, SQL_NOTES=0 */;

--
-- Table structure for table `category`
--

DROP TABLE IF EXISTS `category`;
/*!40101 SET @saved_cs_client     = @@character_set_client */;
/*!40101 SET character_set_client = utf8 */;
CREATE TABLE `category` (
  `id_category` int(2) unsigned NOT NULL AUTO_INCREMENT,
  `category` varchar(100) DEFAULT NULL,
  PRIMARY KEY (`id_category`)
) ENGINE=InnoDB AUTO_INCREMENT=5 DEFAULT CHARSET=utf8;
/*!40101 SET character_set_client = @saved_cs_client */;

--
-- Dumping data for table `category`
--

LOCK TABLES `category` WRITE;
/*!40000 ALTER TABLE `category` DISABLE KEYS */;
INSERT INTO `category` VALUES (1,'Кваліфікаційна категорія \"спеціаліст\"'),(2,'Кваліфікаційна категорія \"спеціаліст другої категорії\"'),(3,'Кваліфікаційна категорія \"спеціаліст першої категорії\"'),(4,'Кваліфікаційна категорія \"спеціаліст вищої категорії\"');
/*!40000 ALTER TABLE `category` ENABLE KEYS */;
UNLOCK TABLES;

--
-- Table structure for table `educational_institution`
--

DROP TABLE IF EXISTS `educational_institution`;
/*!40101 SET @saved_cs_client     = @@character_set_client */;
/*!40101 SET character_set_client = utf8 */;
CREATE TABLE `educational_institution` (
  `id_ei` int(2) unsigned NOT NULL AUTO_INCREMENT,
  `name_ei` varchar(130) DEFAULT NULL,
  `kind_ei` int(1) unsigned DEFAULT NULL,
  PRIMARY KEY (`id_ei`),
  KEY `InstitutionKey` (`kind_ei`),
  CONSTRAINT `institution_key` FOREIGN KEY (`kind_ei`) REFERENCES `institution` (`id_institution`) ON DELETE NO ACTION
) ENGINE=InnoDB AUTO_INCREMENT=30 DEFAULT CHARSET=utf8;
/*!40101 SET character_set_client = @saved_cs_client */;

--
-- Dumping data for table `educational_institution`
--

LOCK TABLES `educational_institution` WRITE;
/*!40000 ALTER TABLE `educational_institution` DISABLE KEYS */;
INSERT INTO `educational_institution` VALUES (1,'Прилуцька гімназія №1 імені Георгія Вороного Прилуцької міськой ради Чернігівської області',1),(2,'Прилуцька ЗОШ І-ІІІ ступенів №2 Прилуцької міськой ради Чернігівської області',1),(3,'Прилуцька ЗОШ І-ІІІ ступенів №3 Прилуцької міськой ради Чернігівської області',1),(4,'Прилуцька гімназія №5 Прилуцької міськой ради Чернігівської області',1),(5,'Прилуцька спеціалізована школа №6 з поглибленим вивченням інформаційних технологій Прилуцької міськой ради Чернігівської області',1),(6,'Прилуцька ЗОШ І-ІІІ ступенів №7 Прилуцької міськой ради Чернігівської області',1),(7,'Прилуцька ЗОШ І-ІІІ ступенів №9 Прилуцької міськой ради Чернігівської області',1),(8,'Прилуцька ЗОШ І-ІІІ ступенів №10 Прилуцької міськой ради Чернігівської області',1),(9,'Прилуцька ЗОШ І-ІІІ ступенів №12 Прилуцької міськой ради Чернігівської області',1),(10,'Прилуцька ЗОШ І-ІІІ ступенів №13 Прилуцької міськой ради Чернігівської області',1),(11,'Прилуцька ЗОШ І-ІІІ ступенів №14 Прилуцької міськой ради Чернігівської області',1),(12,'Дошкільний навчальний заклад №2 санаторного типу туберкульозного профілю Прилуцької міськой ради Чернігівської області',3),(13,'Дошкільний навчальний заклад №3 оздоровчо - інтелектуального направлення Прилуцької міськой ради Чернігівської області',3),(14,'Дошкільний навчальний заклад №4 Прилуцької міськой ради Чернігівської області',3),(15,'Дошкільний навчальний звклад №8, Центр В.О. Сухомлинського Прилуцької міськой ради Чернігівської області',3),(16,'Дошкільний навчальний заклад №9 Прилуцької міськой ради Чернігівської області',3),(17,'Дошкільний навчальний заклад №10 Прилуцької міськой ради Чернігівської області',3),(18,'Дошкільний навчальний заклад №11 Прилуцької міськой ради Чернігівської області',3),(19,'Дошкільний навчальний заклад №19 Прилуцької міськой ради Чернігівської області',3),(20,'Дошкільний навчальний заклад №23 Спеціальний Прилуцької міськой ради Чернігівської області',3),(21,'Дошкільний навчальний заклад №25 Прилуцької міськой ради Чернігівської області',3),(22,'Дошкільний навчальний заклад №26 Прилуцької міськой ради Чернігівської області',3),(23,'Дошкільний навчальний заклад №27 Прилуцької міськой ради Чернігівської області',3),(24,'Дошкільний навчальний заклад №28, Центр С.Ф. Русової Прилуцької міськой ради Чернігівської області',3),(25,'Дошкільний навчальний заклад №29 Прилуцької міськой ради Чернігівської області',3),(26,'Навчально - виховний комплекс \"Школа І ст. - дошкільний заклад №15\"',2),(27,'Прилуцький міський центр науково - технічної творчості молоді Прилуцької міськой ради Чернігівської області',2),(28,'Позашкільний навчальний заклад Прилуцька дитячо - юнацько спортивно школа Прилуцької міськой ради Чернігівської області',2),(29,'Комунальний позашкільний навчальний заклад Центр творчості дітей та юнацтва Прилуцької міськой ради Чернігівської області',2);
/*!40000 ALTER TABLE `educational_institution` ENABLE KEYS */;
UNLOCK TABLES;

--
-- Table structure for table `institution`
--

DROP TABLE IF EXISTS `institution`;
/*!40101 SET @saved_cs_client     = @@character_set_client */;
/*!40101 SET character_set_client = utf8 */;
CREATE TABLE `institution` (
  `id_institution` int(1) unsigned NOT NULL AUTO_INCREMENT,
  `kind_institution` varchar(3) DEFAULT NULL,
  PRIMARY KEY (`id_institution`)
) ENGINE=InnoDB AUTO_INCREMENT=4 DEFAULT CHARSET=utf8;
/*!40101 SET character_set_client = @saved_cs_client */;

--
-- Dumping data for table `institution`
--

LOCK TABLES `institution` WRITE;
/*!40000 ALTER TABLE `institution` DISABLE KEYS */;
INSERT INTO `institution` VALUES (1,'ЗНЗ'),(2,'ПНЗ'),(3,'ДНЗ');
/*!40000 ALTER TABLE `institution` ENABLE KEYS */;
UNLOCK TABLES;

--
-- Table structure for table `subjects`
--

DROP TABLE IF EXISTS `subjects`;
/*!40101 SET @saved_cs_client     = @@character_set_client */;
/*!40101 SET character_set_client = utf8 */;
CREATE TABLE `subjects` (
  `id_subject` int(2) unsigned NOT NULL AUTO_INCREMENT,
  `subject` varchar(50) DEFAULT NULL,
  PRIMARY KEY (`id_subject`)
) ENGINE=InnoDB AUTO_INCREMENT=39 DEFAULT CHARSET=utf8;
/*!40101 SET character_set_client = @saved_cs_client */;

--
-- Dumping data for table `subjects`
--

LOCK TABLES `subjects` WRITE;
/*!40000 ALTER TABLE `subjects` DISABLE KEYS */;
INSERT INTO `subjects` VALUES (1,'Українська мова і література'),(2,'Світова література'),(3,'Англійська мова'),(4,'Французька мова'),(5,'Німецька мова'),(6,'Російська мова'),(7,'Математика'),(8,'Фізика'),(9,'Біологія'),(10,'Хімія'),(11,'Географія'),(12,'Економіка'),(13,'Екологія'),(14,'Історія'),(15,'Правознавство'),(16,'Основи здоров\'я'),(17,'Фізичне виховання'),(18,'Захист Вітчизни'),(19,'Музика'),(20,'Етика'),(21,'Образотворче мистечтво'),(22,'Художня культура'),(23,'Інфориматика'),(24,'Трудове навчання'),(25,'Початкові класи'),(26,'ГПД'),(27,'Дошкільна освіта'),(28,'Шкільна бібліотека'),(29,'Соціально - психологічний супровід'),(30,'Управління навчальним закладом'),(31,'Організація навчально - виховного процесу'),(32,'Організація методичної роботи'),(33,'Управління інноваційною діяльністю'),(34,'Управління дослідно - експериментальною діяльністю'),(35,'Організація виховної роботи'),(36,'Організація музейної справи в управлінні закладом'),(37,'Атрономія'),(38,'Дифектологічна освіта');
/*!40000 ALTER TABLE `subjects` ENABLE KEYS */;
UNLOCK TABLES;

--
-- Table structure for table `teacher_position`
--

DROP TABLE IF EXISTS `teacher_position`;
/*!40101 SET @saved_cs_client     = @@character_set_client */;
/*!40101 SET character_set_client = utf8 */;
CREATE TABLE `teacher_position` (
  `id_position` int(2) unsigned NOT NULL AUTO_INCREMENT,
  `position_name` varchar(50) DEFAULT NULL,
  PRIMARY KEY (`id_position`)
) ENGINE=InnoDB AUTO_INCREMENT=24 DEFAULT CHARSET=utf8;
/*!40101 SET character_set_client = @saved_cs_client */;

--
-- Dumping data for table `teacher_position`
--

LOCK TABLES `teacher_position` WRITE;
/*!40000 ALTER TABLE `teacher_position` DISABLE KEYS */;
INSERT INTO `teacher_position` VALUES (1,'Керівник навчального закладу'),(2,'Заступник директора'),(3,'Вчитель'),(4,'Вихователь'),(5,'Вихователь - методист'),(6,'Практичний психолог'),(7,'Спеціальний педагог'),(8,'Бібліотекар'),(9,'Керівник гуртка'),(10,'Педагог - організатор'),(11,'Методист ДНЗ'),(12,'Методист ММЦ'),(13,'Заввідділом ПНЗ'),(14,'Тренер - виладач ДЮСШ'),(15,'Вчитель - логопед'),(16,'Вчитель - дифектолог (тифлопедагог)'),(17,'Вихователь ГПД'),(18,'Художній керівник'),(19,'Музичний керівник'),(20,'Інструктор з фізкультури'),(21,'Акомпоніатор'),(22,'Концертмейстер'),(23,'Культорганізатор');
/*!40000 ALTER TABLE `teacher_position` ENABLE KEYS */;
UNLOCK TABLES;

--
-- Table structure for table `teachers`
--

DROP TABLE IF EXISTS `teachers`;
/*!40101 SET @saved_cs_client     = @@character_set_client */;
/*!40101 SET character_set_client = utf8 */;
CREATE TABLE `teachers` (
  `id_teacher` int(3) unsigned NOT NULL AUTO_INCREMENT,
  `full_teacher_name` varchar(100) DEFAULT NULL,
  `ei_id` int(2) unsigned DEFAULT NULL,
  `position_id` int(2) unsigned DEFAULT NULL,
  `category_id` int(2) unsigned DEFAULT NULL,
  `rank_id` int(2) unsigned DEFAULT NULL,
  `PDD` varchar(5000) DEFAULT NULL,
  `url_img` varchar(500) DEFAULT 'http://bm.img.com.ua/berlin/storage/finance/orig/7/fb/1eda464890b42b3a051aa65f48f24fb7.jpg',
  PRIMARY KEY (`id_teacher`),
  KEY `EducationInstitutionKey` (`ei_id`),
  KEY `PositonKey` (`position_id`),
  KEY `CategoryKey` (`category_id`),
  KEY `TeachingRankKey` (`rank_id`),
  CONSTRAINT `category_key` FOREIGN KEY (`category_id`) REFERENCES `category` (`id_category`) ON DELETE NO ACTION,
  CONSTRAINT `educational_institution_key` FOREIGN KEY (`ei_id`) REFERENCES `educational_institution` (`id_ei`) ON DELETE NO ACTION,
  CONSTRAINT `position_key` FOREIGN KEY (`position_id`) REFERENCES `teacher_position` (`id_position`) ON DELETE NO ACTION,
  CONSTRAINT `rank_key` FOREIGN KEY (`rank_id`) REFERENCES `teaching_rank` (`id_rank`) ON DELETE NO ACTION
) ENGINE=InnoDB AUTO_INCREMENT=119 DEFAULT CHARSET=utf8;
/*!40101 SET character_set_client = @saved_cs_client */;

--
-- Dumping data for table `teachers`
--

LOCK TABLES `teachers` WRITE;
/*!40000 ALTER TABLE `teachers` DISABLE KEYS */;
INSERT INTO `teachers` VALUES (1,'Бондаренко Олена Миколаївна',2,3,4,1,'досвід роботи засвідчує, що в процесі навчання учнів 5-11-х класів  доцільно проводити роботу з використання активних та інтерактивних вправ як засіб формування творчої особистості на уроках української мови та літератури. \r\nАвтором ППД вироблено   систему роботи  з використання активних та інтерактивних вправ як засіб формування творчої особистості, яка   передбачає завдання : \r\n- сприяння  позитивній  мотивації учнів до пізнавальної діяльності; \r\n- розкриття творчих можливостей учня;\r\n- розвиток потреби в самопізнанні, самореалізації та самовдосконаленні; \r\n- забезпечення  умов  для розвитку творчої особистості дитини; \r\n Матеріали з досвіду роботи надруковані в посібнику “ Уроки активного співробітництва” :  м.Прилуки, 2009 р., використовується вчителями школи, міста.\r\n Свій досвід учитель поширює через   ШМВ управління освіти, яким керує.','profile.jpg'),(2,'Симоненко Оксана Анатоліївна',2,3,4,3,'досвід роботи засвідчує, що в процесі вивчення предметів “образотворче мистецтво”  та “художня культура” в 5-11 класах доцільно проводити роботу з розвитку творчих здібностей засобами предмету. Автором ППД вироблено   систему роботи  з розвитку творчих здібностей, яка   передбачає завдання : \r\n- розвиток пізнавального інтересу;\r\n- розкриття творчих можливостей учня;\r\n- формування дослідницько-практичних умінь і навичок;\r\n- розвиток в учнів самостійності;\r\n- готовність до формування сучасних життєво важливих компетенцій.','profile.jpg'),(3,'Храпач Ганна Василівна',2,3,4,1,'досвід роботи засвідчує, що в процесі визовання учнів початкової школи  доцільно проводити роботу з формування духовно-моральних якостей. Автором ППД вироблено   систему роботи  з розвитку творчих здібностей, яка   передбачає завдання : ','profile.jpg'),(4,'Ткаченко Наталія Григорівна',2,3,4,1,'досвід роботи засвідчує, що в процесі навчання учнів 5-11-х класів  доцільно проводити роботу з формування духовно-моральних якостей. Автором ППД вироблено   систему роботи  з Розвиток творчих здібностей та пізнавальної активності   на уроках математики  , яка   передбачає завдання : \r\n-	 формування  стійкого пізнавального інтересу до предмету;\r\n-	 розвиток самостійного, критичного, наукового мислення;\r\n-	    формування   навичок свідомого здійснення основних розумових операцій (аналіз, порівняння, виділення головного, узагальнення, систематизація, доведення тощо).','profile.jpg'),(5,'Мальована Ольга Іванівна',2,3,4,3,'досвід роботи засвідчує, що в процесі навчання учнів 5-11-х класів  доцільно проводити роботу з використання активних та інтерактивних вправ як засіб формування творчої особистості на уроках української мови та літератури. \r\nАвтором ППД вироблено   систему роботи  з використання активних та інтерактивних вправ як засіб формування творчої особистості, яка   передбачає завдання : \r\n-	сприяння  позитивній  мотивації учнів до пізнавальної діяльності; \r\n-	розкриття творчих можливостей учня;\r\n-	розвиток потреби в самопізнанні, самореалізації та самовдосконаленні; \r\n-	забезпечення  умов  для розвитку творчої особистості дитини','profile.jpg'),(6,'Хомич Василь Феодосійович',2,3,4,1,'досвід роботи засвідчує, що в процесі навчання учнів 5-11-х класів  доцільно проводити роботу з використання нових інформаційних технологій  на уроках фізики.\r\nАвтором ППД вироблено   систему роботи  з використання нових інформаційних технологій, яка   передбачає завдання : \r\n-	розвиток творчих здібностей школярів, уміння аналізувати, моделювати, прогнозувати, творчо мислити;\r\n-	підвищення мотивації навчання;\r\n-	удосконалення практичних навичок учнів під час роботи з ПК;\r\n-	формування умінь учнів отримувати знання самостійно, працюючи з навчальними програмами на комп’ютері;\r\n-	формування умінь учнів використовувати пакет MS Office (Word, Excel, PowerPoint та інш.) для моделювання, дослідження фізичних та інших процесів та оформлення результатів роботи.','profile.jpg'),(7,'Шигань Нінель Дмитрівна',29,9,1,6,'досвід роботи засвідчує, що в процесі розвитку художніх здібностей у дітей старшого шкільного віку доцільно залучати їх до співпереживання, створення відповідного темі заняття емоційного настрою. Сприяння формування творчого задуму, його посильна творча реалізація – головна мета у роботі автора. Протягом багатьох років роботи керівник виробила свої методи та особливості при викладанні малювання для дітей старшого шкільного віку. Використання різних методик, створення інструкційних карток, пояснення кожного етапу – ось низка завдань, які пропонує автор.\r\nДаний досвід був презентований на Всеукраїнському фестивалі обдарованих дітей м. Київ у 2010 році (Солом’янський Будинок школяра).','profile.jpg'),(8,'Тимченко Ірина Василівна',29,9,1,6,'досвід роботи засвідчує, що для розвитку індивідуальних здібностей і талантів дітей доцільно використовувати різні види та техніки роботи. Автор має оригінальну систему в роботі, що дозволяє забезпечити високу результативність у володінні різними техніками, стимулює стійкий інтерес гуртківців до предмету, їхнє бажання постійно вдосконалювати і урізноманітнювати техніку виконання робіт. Керівник створила послідовну систему оволодіння технікою в’язання спицями, розробила оригінальні вправи для швидкого викладання стразами, розробила інструкційні картки для кожного гуртківця.\r\nДаний ППД було презентовано на ЧІІ педагогічному фестивалі «Райдуга талантів» 12.03.2012 р. у ЦТДЮ та м.Чернігові ОБДЮТ.','profile.jpg'),(9,'Юзвик Лілія Олександрівна',1,3,4,1,'досвід роботи засвідчує, що в процесі вивчення історії та правознавства є такі позитивні аспекти використання логічно-опорних схем на уроках :\r\n?	Сприяють засвоєнню нового матеріалу;\r\n?	Дозволяють оптимізувати навчальний матеріал;\r\n?	Містять можливості виділити найбільш важливу і цікаву інформацію;\r\n?	Узагальнюють в невеликому розмірі великий за змістом матеріал;\r\n?	Вимагають приведення прикладів, що підтверджують те чи інше теоретичне положення;\r\n?	Учні мають більше часу слухати вчителя і міркувати разом з ним, брати участь в уявному і словесному діалозі при розв’язанні проблемних питань, в обговоренні основних ідей та положень;\r\n?	Оскільки схема за обсягом буває невеличкою, скласти її нескладно і це не вимагає значних витрат часу;\r\n?	Дають можливість самостійної підготовки учня до уроку. \r\n\r\nНайбільш доцільні логічно-опорні схеми:\r\nПерший тип – опорні схеми, що містять основні словесно-цифрові орієнтири пошуку, знаходження і засвоєння необхідної інформації:\r\n•	досліджувана тема і питання;\r\n•	основні положення, ідеї, факти;\r\n•	узагальнені таблиці;\r\n•	конкретні приклади.\r\nДругий тип – опорні схеми є системою умовних позначень, сигналів, що містять необхідну для засвоєння інформацію, що «розкривається» при їхній розшифровці:\r\n•	«торгівля» - зображення кораблика;\r\n•	Монархія –корона;\r\n•	Землеробство – мотика тощо.\r\n\r\n	Даний ППД було презентовано на засіданні міського методичного об’єднання у березні 2011р. Матеріали з досвіду роботи оформлені у дидактичних папках для учнів 7-11 класів.','profile.jpg'),(10,'Ніколенко Світлана Валеріївна',1,3,4,3,'досвід роботи засвідчує, що сучасні уроки трудового навчання неможливо проводити без використання стратегій інформаційної технології. Поєднання традиційних форм та видів роботи на уроці з комп’ютерною підтримкою дає можливість максимально індивідуалізувати навчання, зробити процес навчання творчим, дослідницьким, підвищити рівень сприйняття й розуміння учнями матеріалу. Щоб краще сприяти залученню учнів до ознайомлення з українськими традиціями на уроках трудового навчання, враховую під час планування навчального процесу практичну, теоретичну, пізнавальну значимість програми, яка має переплітатися з народними звичаями, обрядами. На уроках прикладаю зусилля, щоб навчити учнів поєднувати розумові здібності з фізичними, виховувати охайність, почуття відповідальності, дисциплінованості, любов та  повагу  до праці.\r\n	Даний ППД було презентовано на «Методичному фестивалі»(Рада ММЦ 2013р.)Матеріали з досвіду роботи надруковані в посібниках:  “Дослідження особливостей, орнаменту, символіки та техніки вишивання Прилуччини”, “Дослідження традицій вишивального мистецтва в одязі та побутових речах нашої місцевості”, “Берегиня українського народу”, “Дослідження традицій вишивального мистецтва Прилуччини”.«Витвори…людину в найкащому значенні цього слова» // Міжнародний збірник «Український вимір.» 2012 №11; «Використання творчої спадщини П. Куліша в процесі викладання трудового навчання» // Філософія освіти і педагогіки науково – методичний збірник Чернігів 2010 №19; «Витвори…людину в найкащому значенні цього слова» // Філософія освіти і педагогіки науково – методичний збірник Чернігів 2010 №26 Чернігів 2012','profile.jpg'),(11,'Хомич Олена Анатоліївна',1,3,4,3,'досвід роботи засвідчує, що в процесі вивчення шкільного предмета “Фізика” з 7 по 11 клас доцільно використовувати сучасні, інформаційні технології враховуючи вікові особливості учнів. Автором ППД створено комп\'ютерні презентації з 7 по 11 клас, які   використовує на уроках. Ефект від використання комп\'ютера на уроці досягається також за рахунок:\r\n-	збільшення обсягу самостійної роботи — індивідуальної, групової, фронтальної;\r\n-	інформаційної насиченості навчального матеріалу;\r\n-	активізації навчальної діяльності за рахунок розв\'язання учнями значної кількості задач.\r\n	Даний ППД було презентовано на міському” Методичному фестивалі”(засідання ради ММЦ)  2013р.Матеріали з досвіду роботи надруковані в   журналах:  “Фізика та астрономія”( №2, 2008 р), “З досвіду вивчення теми “Світлові явища” у використаннях комп\'ютерних програм”;   “Фізика”( №9, 2009 р)  Шкільний світ, “Нові інформаційні технології навчання на уроках фізики”.','profile.jpg'),(12,'Бабенко Тетяна  Миколаївна',1,3,4,3,'досвід роботи засвідчує, що в процесі вивчення шкільних предметів «Історія України», «Всесвітня історія», «Багатокультурна історія України», «Вчимося бути громадянами», «Основи  правознавства» доцільно використовувати сучасні  інформаційні технології, враховуючи вікові особливості учнів та реалізуючи розв\'язання низки завдань:\r\n-	розвиток пізнавального інтересу;\r\n-	розвиток і саморозвиток особистих якостей учня;\r\n-	 формування ціннісного ставлення учнів до способу життя, культури, традицій різних етноконфесійних спільнот субкультур, готовності та мотивації до конструктивного міжкультурного діалогу;\r\n-	формування дослідницько-практичних умінь та навичок;\r\n-	розвиток в учнів самостійності;\r\n-	формування навичок оцінювання суспільних явищ та процесів.\r\n	Автором ППД було проведено дослідження історії  існування та розвитку  окремих національних  груп в Україні і презентовано  під час   авторської  кампанії по розробці матеріалів навчального ресурсу “Разом на одній землі. Історія України багатокультурна” у м.Ужгороді, 3-5 липня 2011 р. Дані матеріали надруковані у навчальному посібнику  «Разом на одній землі. Історія України багатокультурна», ЗУКЦ, 2012. \r\nСтворено навчальні матеріали по темі Другої світової війни(«Трагедія  українських остарбайтерів»), участь у  Програмі досліджень історії сучасної України  Петра  Яцика, травень 2012 р. і презентовано під час міжнародної  наукової  конференції на тему «Опір та колаборація в роки Другої світової війни», 4 липня 2012 р., м.Львів. Дані матеріали розміщено в інформаційному бюлетені «Історична ініціатива: пам\'ять про війну, війна пам’ятей», електронний ресурс, режим доступу: http://www.novadoba.org.ua/user. \r\nСтворено навчальні матеріали по темі “Права людини в історії ХХ століття” та презентовано їх під час  засідання авторської групи методичного посібника «Права людини в історії ХХ століття» у м.Львові, 14-16 грудня 2012 р. Методичний посібник розміщено на офіційному сайті Всеукраїнської організації викладачів суспільних дисциплін «Нова Доба», електронний ресурс, режим доступу: http://www.novadoba.org.ua/user.','profile.jpg'),(13,'Борох Валентина Миколаївна',1,3,4,3,'досвід роботи засвідчує, що в процесі вивчення шкільного предмету “Історія України” з 5 по 11 клас доцільно використовувати краєзнавчий матеріал та сучасні інформаційні технології, враховуючи вікові особливості учнів. Тісно ведеться співпраця учнів гімназії з Прилуцьким науковим товариством ім. В.І.Маслова.\r\nАвтором ППД створено 4 методичні посібники з краєзнавства: “Історія Прилуцької гімназії №1”,2003р., “Собори та церкви м.Прилуки”,2007р., “Кирило-Мефодіївське братство на Прилуччині”,2008р., “Освіта на Прилуччині та її роль у формуванні світоглядних позицій громадянина України”,2011р., за допомогою яких можливо:\r\n-	 розвивати пізнавальний інтерес учнів;\r\n-	формувати дослідницькі  уміння та навички;\r\n-	розвивати в учнів самостійність;\r\n-	виховувати патріотизм та національну свідомість.\r\n\r\nДосвід роботи презентовано на засіданні міського методичного об\'єднання у 2009 р., Міжнародній конференції, присвяченій діяльності Г.Вороного у 2008 р.','profile.jpg'),(14,'Газарян Людмила Іванівна',1,3,4,1,'досвід роботи засвідчує, що в процесі вивчення шкільного предмета “Географія” з 6 по 10 клас доцільно використовувати сучасні, інформаційні технології враховуючи вікові особливості учнів. Поєднуючи в собі позитивне багатьох традиційних інформаційних технологій, комп`ютерні технології дозволяють істотно оптимізувати процес навчання. Він може стати більш цікавим, емоційно насиченим, динамічним і наочним; комп`ютерна технологія також здатна індивідуалізувати і диференціювати навчальний процес; реалізувати його творчий характер, організувати гнучке управління навчальною діяльністю, інтенсифікувати і активізувати навчання.\r\nМатеріали з досвіду роботи надруковані в посібнику «Методичний вернісаж «Сучасний урок». Прилуки - 2006 р.','profile.jpg'),(15,'Гайдаєнко Юлія Анатоліївна',1,3,4,1,'досвід роботи засвідчує, що в процесі вивчення  української мови та літератури з 5 по 11 клас доцільно використовувати сучасні інформаційні технології, ураховуючи вікові особливості учнів. Автором ППД створено технологічну картку  по впровадженню інноваційних технологій навчання з 5 по 11 клас, яка передбачає розв\'язання низки завдань:\r\n-	розширення можливостей навчального процесу;\r\n-	використання ком’ютера для спілкування та  пошуку додаткової інформації;\r\n-	розвиток  уміння самостійно конструювати свої знання та орієнтуватися в інформаційному просторі;\r\n-	 розвиток навичок мислення  високого рівня.\r\nДаний ППД було презентовано на  науково-практичному семінарі “Упровадження сучасних технологій навчання української мови та літератури»  м. Прилуки, 2012р.','profile.jpg'),(16,'Бондаренко Наталія Миколаївна',11,3,4,1,'досвід роботи засвідчує, що в процесі викладання фізичної культури у 5-11 класах доцільно використовувати особистісно-орієнтовані технології, які передбачають розв\'язання низки завдань:\r\n-	розширити функціональні можливості організму дитини;\r\n-	стимулювати до самовдосконалення засобами фізичної культури;\r\n-	задовільнити природну потребу кожного у фізичній активності;\r\n-	дозування навантаження і пауз відпочинку  при заняттях фізичними вправами.\r\n   Даний ППД було презентовано на засіданні міського МО вчителів фізичної культури у 2012 році. Матеріали досвіду було висвітлено у розробці інноваційного уроку з фізичної культури, який був представлений на обласний етап Всеукраїнського конкурсу у 2010 році.','profile.jpg'),(17,'Мосієнко Ірина Миколаївна',11,3,4,1,'досвід роботи засвідчує, що в процесі вивчення  предмету “Українська мова та література” важливим є сприяння мовленнєвому розвитку школярів, які б уміли змістовно, зв\'язно і стилістично грамотно висловлювати свої думки. Автором ППД розроблено методичні рекомендації щодо розвитку мовленнєвої компетенції з 5 по 11 клас.\r\n   Різнобічна робота Мосієнко І.М. З розвитку мовленнєвої діяльності передбачає такі види роботи:\r\n-	написання  дискусійного характеру статей до газети, творів-мініатюр, творів-роздумів, творів-асоціацій, гумористичних оповідань, творів-описів усних повідомлень на лінгвістичну тематику, складання оповідань на основі крилатого виразу. \r\n   Даний ППД було заслухано на черговому засіданні педагогічної ради у 2011 році.','profile.jpg'),(18,'Марченко Тетяна Володимирівна',11,3,1,1,'досвід роботи засвідчує, що в процесі навчання учнів початкових класів доцільно приділяти увагу формуванню читацьких компетентностей молодших школярів, усвідомленню ними себе, як грамотних читачів, здатних до використання читацької діяльності як засобу самоосвіти. Автор ППД вводить  в роботу такі види “оптимального” читання:\r\n-	дзижчаще читання;\r\n-	п\'ятихвилинне читання перед кожним уроком;\r\n-	багаторазове читання;\r\n-	читання в темпі скоромовки;\r\n-	виразне читання з переходом на незнайому частину тексту.\r\n Марченко Т.В. розробила систему тренувальних вправ, яка веде до зростання техніки читання.\r\n   Даний ППД презентовано на шкільному засіданні МО вчителів початкових класів у  2011 році.','profile.jpg'),(19,'Кривошей Лариса Федорівна',11,3,4,1,'досвід роботи засвідчує, що в процесі  вивчення шкільного предмета “Географія” з 6 по 10 клас та в позаурочний час доцільно приділяти значну увагу екологічному вихованню школярів. Суть досвіду роботи Кривошей Л.Ф. грунтується на ефективному поєднанні різноманітних форм і методів, включення учнів у пізнавальну діяльність  на основі:\r\n-	відбору навчальної інформації;\r\n-	застосуванні проблемного навчання;\r\n-	роботі із словниками, довідниками, енциклопедіями;\r\n-	підвищенні інтересу дітей до теоретичних знань;\r\n-	встановленні причинно-наслідкових зв\'язків;\r\n-	проведенні нестандартних уроків;\r\n-	використанні новітніх технологій навчання.\r\n   Даний ППД було презентовано на Всеукраїнському науково-практичному семінарі “ Формування екологічної культури та здоров\'я молоді” в рамках роботи Міжнародної Академії культури безпеки, екології та здоров\'я  у м.Києві, 2010 р. \r\n   Матеріали з досвіду роботи надруковані в посібнику  для вчителів, заступників директорів з виховної роботи та вихователів “Еколого-освятня робота в школі”.','profile.jpg'),(20,'Рудик Жанна Миколаївна',11,3,4,1,'досвід роботи засвідчує, що в процесі вивчення шкільного предмета “Історія” з 7 по 11 клас доцільно використовувати сучасні проектні технології. Автором ППД створено технологічну картку по впровадженню проектної технології з 7 по 11 клас, яка передбачає розв\'язання низки завдань:\r\n-	розвиток пізнавальної та дослідницької діяльності учнів;\r\n-	уміння конструювати свої знання;\r\n-	формування соціальних компетенцій учнів;\r\n-	підвищення мотивації в отриманні додаткових знань;\r\n-	створення цілісних знань.\r\n   Даний ППД було презентовано на міському МО вчителів історії у 2011 році.','profile.jpg'),(21,'Ворона Світлана Петрівна',11,3,4,1,'досвід роботи засвідчує, що в процесі вивчення шкільного предмета “Англійська мова” з 5 по 11 клас доцільно створювати мовленнєві ситуації для реалізації комунікативної спрямованості навчання.\r\n   У процесі  реалізації даної теми вчителем ефективно реалізуються основні дидактичні та методичні принципи:\r\n-	комунікативної спрямованості навчання;\r\n-	ситуативної та тематичної організації навчального матеріалу;\r\n-	свідомості навчання;\r\n-	урахування вікових особливостей учнів;\r\n-	взаємопов\'язаного навчання;\r\n-	видів мовленнєвої діяльності.\r\n   Даний ППД було презентовано на міському МО вчителів англійської мови у 2011 р.','profile.jpg'),(22,'Черненко Юрій Васильович',11,3,4,1,'досвід роботи засвідчує, що в процесі  вивчення шкільного предмета “Трудове навчання”  з 5 по 11 клас доцільно приділяти увагу розвитку технічної творчості учнів. Сутність досвіду полягає у збільшенні кількості ігрових і нетрадиційних форм уроків, у використанні різноманітних інструкційних та технологічних карт, які прискорюють формування технічної творчості на уроках трудового навчання, у використанні різних методів навчання: метод “мозкового штурму”, метод фантазування, метод зразків, метод локальних об\'єктів, метод створення образу індивідуального об\'єкта.\r\n   Даний ППД презентовано на засіданні міського МО вчителів трудового навчання у 2012 році.','profile.jpg'),(23,'Кнуренко Валентина Андріївна',6,3,4,1,'досвід роботи засвідчує, що в процесі викладання предметів  у початкових класах доцільно використовувати інтерактивні технології, враховуючи вікові особливості учнів. Автор ППД добирає такі методи, прийоми, форми роботи, які розвивають творче мислення, уяву школярів, стимулюють інтерес до нових знань, формуютьздатність самостійно оволодівати знаннями, творчо мислити - “Мозковий штурм”, “Дерево рішень”, робота в парах, робота у творчих групах, реалізація проектів, уроки колективної трудової діяльності. \r\n	Даний ППД було презентовано на  педагогічній раді школи в серпні 2011 р.','profile.jpg'),(24,'Барабаш Наталія Анатоліївна',6,3,4,1,'досвід роботи засвідчує, що в процесі вивчення шкільного предмета “Світова література” з 5 по 9 клас доцільно використовувати інноваційні методи з метою формування активного,самостійного, творчого мислення учнів. ППД базується на технологіях розвивального навчання, учитель упроваджує нові моделі різних елементів педагогічного процесу на основі вже перевірених наукових ідей. Автор ППД удосконалює урок шляхом зацікавлення учнів матеріалом чи формою проведення уроку, поглиблення знань за рахунок міжпредметних зв\'язків, реалізації проблемно-пошукової, науково-дослідницької роботи учнів, пробудження фантазії.\r\n	Даний ППД було презентовано на  педагогічній раді школи в березні 2012 р.','profile.jpg'),(25,'Бондаренко Сергій Михайлович',6,3,4,3,'досвід роботи засвідчує, що в процесі вивчення шкільного предмета “Інформатика” в старших класах доцільно раціонально використовувати сучасні технології під час розв\'язування задач, пов\'язаних з отриманням інформації, з метою формування особистості, яка має високий рівень комп\'ютерної грамотності та інформаційної культури. Автор ППД головним завданням у роботі з учнями вважає створення умов для формування особистості з сучасними життєво важливими компетенціями, яка здатна реалізувати себе в умовах швидкозмінного інформаційного суспільства. \r\n	Даний ППД було презентовано на засіданні науково-методичної ради міського методичного центру в лютому 2012 року та на педагогічній раді школи в березні 2012 р.','profile.jpg'),(26,'Бойко Ольга Миколаївна',6,3,4,3,'досвід роботи засвідчує, що в процесі навчання дітей початкових класів доцільно використовувати інноваційну діяльність з метою розвитку пізнавальної активності учнів. Новизна ППД Бойко О.М. полягає у створенні методичної основи для роботи в проектній освітній технології та системному підході до розробки методу проектів. Автор ППД комбінує елементи вже відомих методик, удосконалює певні етапи роботи над проектом. Основна ідея досвіду: спрямованість навчально-пізнавальної діяльності учнів на результат під час вирішення тієї чи іншої проблеми.\r\n	Даний ППД було презентовано на засіданні науково-методичної ради міського методичного центру в лютому 2013 року та на педагогічній раді школи в березні 2013 р. Бойко О.М. протягом 4 років очолює шкільну ШППД учителів початкових класів, активно пропагуючи власний ППД.','profile.jpg'),(27,'Глушак Галина Павлівна',1,3,4,3,'досвід роботи засвідчує, що в процесі вивчення шкільного курсу «Хімія» з 7 по 11 клас необхідно розвивати розумові здібності учнів, завдяки використанню новітніх інформаційних технологій, прийомів та методів відбувається зростання ступеню переходу учнів на творчий рівень засвоєння знань, умінь й навичок з хімії. Автором ППД розроблена технологія підготовки учнів до предметних олімпіад, що складається з таких видів діяльності:   \r\n-	залучення більшості учнів класу до участі в шкільному етапі олімпіади;\r\n-	добір наукової літератури з хімії для кожного з учнів;\r\n-	розв’язування олімпіад них завдань попередніх років;\r\n-	підготовка «консультантів» учнів старших класів, які приймають участь у підготовці учнів менших класів;\r\n-	використання авторських завдань підвищенної складності;\r\n-	складання індивідуальних рекомендацій, що мобілізують творчі сили учнів під час виконання олімпіад них завдань.\r\nДосвід презентовано на міському методичному фестивалі засідання ради НМЦ 2010р.','profile.jpg'),(28,'Гончарова Людмила Анатоліївна',1,3,4,1,'досвід роботи засвідчує,  що шкільний предмет “Музичне мистецтво”  має не лише освітнє, а головне – виховне значення.  Він сприяє розвитку у учнів почуття громадянської відповідальності, високім  морально-духовним якостям, є носієм кращих надбань національної та світової культур,  «урок музичного мистецтва» - це хвилююча мандрівка учнів в незвідані музичні світи. Основним завданням вчителя є: \r\n-	розвиток творчої особистості;\r\n-	забезпечення різнобічної активності учня як рівноправного учасника музично-творчого процесу;\r\n-	оволодіння необхідними знаннями, уміннями, навичками, що сприяють розвиткові пізнавальної активності;\r\n-	розкриття творчих можливостей учня;\r\n-	розвиток вокально-хорових навичок учнів, артистичності, художнього смаку;\r\n-	збагачення емоційно-естетичного досвіду;\r\n-	формування культури почуттів;\r\n-	формування морально-духовних цінностей учнів під час сприймання та виконання музичних творів на уроках музичного мистецтва;  \r\n-	впровадження інноваційних педагогічних технологій;\r\n-	використання активних та інтерактивних методів як необхідної умови соціокультурного контакту;\r\n-	формування навичок музичної самоосвіти та самовиховання;\r\n-	розвиток в учнів самостійності;\r\n-	готовність до формування сучасних життєво важливих компетенцій.','profile.jpg'),(29,'Гриценко Олена Євгенівна',1,3,4,1,'досвід роботи засвідчує, що в процесі вивчення інформатики  в початкових класах доцільно застосовувати різноманітні форм навчальної діяльності. Виклад навчального матеріалу здійснювати у формі бесіди, використання ігрових форм, робота в групах, організація самостійної роботи учнів із комп’ютером. Досвідом передбачено розв\'язання низки завдань:\r\n-	формування загальних умінь, логічного й алгоритмічного мислення, розвиток уваги і пам\'яті, навичок роботи з інформацією, елементів інформаційної культури;\r\n-	формування поняття “команда”, “виконавець”, “алгоритм” і вміння складати алгоритми для навчальних виконавців;\r\n-	отримання практичних навичок роботи з текстовим і графічним редакторами, комп\'ютерними програмами навчального призначення.\r\n	Даний ППД було презентовано на науково-практичному семінарі учителів 1-4 класів Прилуцької гімназії №1 ім. Георгія Вороного та викладачів кафедри педагогіки Прилуцького гуманітарно-педагогічного коледжу ім. І.Я. Франка на тему “Педагогічна практика як один із головних засобів становлення майбутнього вчителя. Проблеми, пошук, рішення”,2013р. Матеріали з досвіду роботи надруковні в посібнику “Методичний вернісаж “Сучасний урок”, 2006р.','profile.jpg'),(30,'Даниленко Лідія Павлівна',1,3,4,1,'досвід роботи засвідчує, що в процесі навчання та виховання молодших школярів доцільно використовувати сучасні, інформаційні технології. Автором ППД створено технологічну картку  по впровадженню інноваційних технологій навчання та виховання , яка необхідна для життя:\r\n-	уміння уважно слухати;\r\n-	самостійно (спільно) приймати рішення;\r\n-	проводити різноманітні дослідження;\r\n-	аналізувати матеріал;\r\n-	розв’язувати конфлікти;\r\n-	засвоювати навички демократичного способу життя, які знадобляться в житті, на роботі, в сім’ї.\r\n	Даний ППД було презентовано на семінарі «Мої творчі здобутки» (Чернігівський обласномий інституті післядипломної педагогічної освіти ім. К. Д. Ушинського 2013р)., «Методичному фестивалі» (рада ММЦ),2013р.Матеріали з досвіду роботи надруковані в посібниках  “Виховуємо громадянина ” ,2007, «З любов’ю до оточення”, 2007р., Збірник диктантів та переказів на протипожежну тематику для учнів 1-4 класів «Вогонь – хороший помічник та поганий господар». – Прилуки, Прилуцька гімназія №1 ім. Георгія Вороного, 2012р.','profile.jpg'),(31,'Ліпін Володимир Павлович',1,3,4,3,'досвід роботи засвідчує, що в процесі вивчення шкільного предмету “Інформатика” можливо й необхідно розвивати творчі здібності учнів, враховуючи їх вікові особливості . Результатом упровадження досвіду є участь учнів у IV етапі Всеукраїнської олімпіади з інформатики, ІІІ етапі захисту робіт МАН, міських, обласних, Всеукраїнських конкурсах з інформатики.\r\n	Даний ППД було презентовано на Всеукраїнському зльоті вчителів інформатики в м. Ялта.','profile.jpg'),(32,'Ліпіна  Наталія Миколаївна',1,3,4,1,'досвід роботи засвідчує, що в процесі вивчення української мови та літератури доцільно використовувати сучасні, інноваційні технології, зокрема: інформаційну, проектну, інтерактивні технології навчання. Комплексне використання стратегій інноваційних технологій сприяє створенню сприятливого пізнавального середовища, а поєднання традиційних форм та інноваційних методів навчання дає можливість максимально диференціювати та індивідуалізувати навчання, зробити його творчим, дослідницьким.\r\nУ ході реалізації досвіду вирішується низка завдань:\r\n-	розвиток пізнавального інтересу;\r\n-	формування мовленнєво-комунікаційної компетентності учнів;\r\n-	розкриття творчих здібностей  учнів;\r\n-	формування дослідницьких навичок;\r\n-	розвиток в учнів самостійності;\r\n	Своїм  ППД вчитель ділиться на сторінках фахових видань: журнал «Українська мова і література в школі», № 41, 2013р.;\r\n шляхом участі в конференціях, семінарах:\r\n- Міжнародна науково-практична конференція «Сучасні наукові дослідження представників філологічних наук та їхній вплив на розвиток мови та літератури», 22-23 лютого 2013р., м. Львів (стаття надрукована у збірнику матеріалів конференції)\r\n- Науково-практичний семінар учителів 1-4 класів Прилуцької гімназії № 1 ім. Георгія Вороного та викладачів кафедри педагогіки Прилуцького гуманітарно-педагогічного коледжу ім.І.Я.Франка.','profile.jpg'),(33,'Макарова Людмила Григорівна',1,3,4,1,'Навчання географії – складний і багатогранний процес, в якому учні не лише здобувають знання, а й оволодівають певними вміннями. У них формуються погляди на навколишній світ, відповідне ставлення до нього, розвиваються здібності й інтерес. Тому процес навчання має бути активним.\r\n Визначення головних шляхів формування творчої і компетентної особистості на етапі її розвитку буде ефективним у разі:\r\n-	неперервного процесу сумісної творчої діяльності вчителів і учнів і цілеспрямованості його на удосконалення особистості;\r\n-	розроблення дидактичних основ побудови системи творчих завдань, спрямованих на самостійне та творче розв’язування проблеми ;\r\n-	враховування у методах і засобах формування творчої особистості вікових особливостей учнів, їхніх здібностей та інтересів;\r\n-	забезпечення наступності в процесі формування творчого мислення;\r\n-	відбору найефективніших для розвитку творчого мислення учнів методів навчання географії.\r\n \r\n	Даний ППД презентовано на засіданні міського МО вчителів географії.Матеріали з досвіду роботи надруковані в посібнику  “Удай – річка мого дитинства” Прилуки:,2007.','profile.jpg'),(34,'Минка Галина Володимирівна',1,3,4,3,'досвід роботи засвідчує, що для забезпечення розвитку здібностей учнів необхідно використовувати різноманітні освітні технології, зокрема інформаційні технології викладання основ наук. Особливо важливими вони є при вивченні математики, оскільки ця наука потребує включення в процес пізнання різних можливостей учня: його пам’ять, логічне мислення, гнучкість мислення, вміння доказово відстоювати свою думку, вести дискусію та ін.\r\nЗастосування нової інформаційної технології у всіх її аспектах на уроках математики дає позитивні результати. Учні приходять до розуміння того, що комп’ютер створено не для гри чи прослуховування музики. На уроках математики вони навчаються використовувати його можливості у здобутті знань, постановці та проведенні віртуального експерименту, тощо.\r\nДаний ППД було презентовано на обласному конкурсі-захисті педагогічних освітніх інновацій у місті Чернігів 2007р. Робота на тему «Використання інформаційних технологій при вивченні математики» виборола ІІ місце. Розробку уроку алгебри у 8 класі «Наближені обчислення за допомогою калькулятора та комп’ютера. Способи подання статистичних даних» надруковано в газеті «Сільська школа України» № 3(15) за березень, 2008.-ст.19-21.','profile.jpg'),(35,'Рогова Світлана Василівна',1,3,4,1,'упровадження на уроках завдань екологічного змісту забезпечує в учнів початкових класів розвиток естетичних смаків, спостережливість, виховує любов до рідного краю, до природи та бережливе ставлення до її багатств.\r\n\r\nДаний ППД було презентовано:  на практичному  засіданні гімназійного МО вчителів початкових класів, 2011р.; та шляхом випуску методичних посібників: «З любов’ю до оточення» 2007р., «Виховуємо громадянина» 2007р., «Екологічна скарбничка» 2008р., «Матеріали для підготовки до уроків української мови» 2008р.','profile.jpg'),(36,'Смахтіна  Любов  Анатоліївна',1,3,4,1,'досвід роботи засвідчує, що в процесі вивчення шкільного  предмета  “Світова  література ”  з  5 по 11 клас доцільно використовувати  сучасні, інформаційні  технології,  враховуючи вікові особливості  учнів.  Автором  ППД створено технологічну  картку  по впровадженню  інноваційних  технологій  навчання  з 5 по 11клас, яка передбачає  розв\'язання  низки завдань:\r\n-	розвиток  пізнавального  інтересу;\r\n-	розкриття  творчих  можливостей  учня;\r\n-	формування  дослідницько-практичних умінь та навичок;\r\n-	розвиток  в учнів  самостійності;\r\n-	готовність до формування сучасних життєво важливих компетенцій.\r\n	Даний ППД було презентовано на міському  засіданні МО  вчителів російської  мови  та світової  літератури. Прилуцька  гімназія №1 2011р.  Матеріали  з досвіду  роботи надруковані в газеті для вчителів  та  методистів  світової  літератури  ‘’Зарубіжна   література’’  Київ: видавництво’’Шкільний світ’’,2010, квітень. 14-15(654-655).-ст.25-37','profile.jpg'),(37,'Барабаш Алла Григорівна',10,3,4,3,'досвід роботи засвідчує,  що активне навчання – це навчання, що залучає учнів до участі в навчальному процесі, пробуджує в них особисту відповідальність за те, що вони роблять. Автор ППД вважає, що в процесі такого навчання учні використовують  раніше набуті вміння і навички з метою отримання нових знань. А саме:\r\n-	аналізувати різноманітні свідчення, джерела зважаючи на їхні особливості, і здобувати з них інформацію;\r\n-	точно формувати доречні запитання і відповіді на них, робити коректні виважені висновки;\r\n-	ясно висловлювати свої думки;\r\n-	оцінювати чужі погляди, виявляти розбіжності в різних судженнях і позиціях;\r\n-	залучати свої попередньо набуті знання і вдаватися до аналізу почутого, синтезу, тобто осмислити і використати набуті знання.\r\nЗ метою залучення учнів до навчального процесу стимулювання в них пізнавальної активності і самостійності, автор ППД використовує такі методи: самостійна робота, проблемні та творчі завдання (часто домашні), запитання від учня до вчителя – і навпаки, що розвивають творче мислення. Одним із способів залучення учнів до активного навчання є використання методів інтерактивного навчання. Даний ППД було презентовано на ММО вчителів історії.','profile.jpg'),(38,'Василюк Олена Валеріївна',10,3,4,1,'досвід роботи засвідчує,  що однією з перспективних технологій, яка забезпечує спрямованість особистості учня на успіх, формує життєву компетентність, готовність до самореалізації в різних сферах суспільного життя є діяльнісна технологія. Одним із шляхів її реалізації є впровадження Комплексної програми розвитку дітей «Росток». Проблемне викладання предмету, робота в малих групах дає можливість розкритися учням, стимулює їхню пізнавальну можливість зацікавленість предметом. Автор ППД вважає та на конкретних фактах доводить, що застосування інтерактивних технологій на сучасних уроках та в позакласній роботі – це запорука успішного виконання основних напрямів навчальної програми з хімії, розвитку та підвищення активності учнів, прояву їх творчих здібностей. \r\nДаний ППД було презентовано на методичній раді ММЦ управління освіти Прилуцької міської ради в 2012 році.','profile.jpg'),(39,'Гладка Лариса Петрівна ',5,3,4,1,'досвід роботи засвідчує, що в процесі вивчення шкільного предмета “Світова література” з 5 по 11 клас доцільно використовувати інтерактивні та інформаційні технології, враховуючи вікові особливості учнів. Засвоєння учнями навчального матеріалу проходить в процесі їх активної пошукової діяльності, в ході розв’язання ними системи проблемно-пізнавальних завдань.\r\nДаний ППД було презентовано на засіданні міського методичного об’єднання  вчителів світової літератури в грудні 2011р. Матеріали з досвіду роботи надруковані в газеті «Зарубіжна література в школі» » №8, 2011р., №8, 2012р., «Відкритий урок» №4-5, 2010р.','profile.jpg'),(40,'Кеценко Сергій Миколайович',10,3,4,3,'досвід роботи засвідчує,  що провідним методом на уроках трудового навчання є проектна методика. Працюючи над використанням інноваційних технологій при проведенні уроків, учитель орієнтує не тільки на засвоєння знань, а й на розмірковування над проблемними питаннями з обов’язковим висновком. Тому на своїх уроках вчитель застосовує різні методи (монологічний, демонстраційний, евристичний, пошуковий, програмовий) та засоби навчання (записи на дошці, таблиці, карти та ілюстрації, різні графічні схеми, обладнання майстерні). Здійснюючи естетичне виховання у процесі трудової діяльності вчитель намагається переконати учнів у тому, що в творчості найвища насолода, справжнє щастя. Даний ППД було презентовано на ММО вчителів трудового навчання, а також у виданих методичних рекомендаціях «Повітряні змії» у 2011 році.','profile.jpg'),(41,'Нефед Ірина Геннадіївна',8,3,4,1,'Сутність досвіду полягає в гармонійному поєднанні навчальної та екологічної діяльності молодших школярів. Реалізація екологічної освіти полягає у вихованні любові до живої природи, дозволяє підвищити успіхи у навчально-виховному процесі дитини, забезпечує емоційну задоволеність, розвиток творчого потенціалу, нахилів і здібностей у різних сферах діяльності та спілкування.\r\nДля своїх вихованців пропоную доступні види практичної природоохоронної діяльності: догляд за кімнатними рослинами, шкільними квітниками, прибирання території, розвішування годівниць взимку. Простір для екологічного виховання забезпечують й інші види діяльності: проведення фенологічних спостережень, читання тематичних віршів, казок, творів, проведення конкурсів, ігор. Щоб включити учнів до активної пізнавальної діяльності, намагаюся організувати роботу так, щоб в учнів виникло бажання діяти і вносити нове у свій учбовий процес. На власному досвіді переконалася – гра корисна тоді, коли вона органічно переплітається із серйозною наполегливою працею, тобто вона повинна не відволікати увагу від навчання, а спонукати до інтенсивної розумової праці.\r\nФормування учня як самостійної, ініціативної, вдумливої особистості буде успішним, якщо вчитель потурбується про це з першого проведеного уроку. Любов до природи, бережне ставлення до її багатств не приходять відразу. Це результат цілеспрямованої і вдумливої роботи не лише при вивченні природи на уроках і позакласних заходах, але й залучення школярів до посильної природоохоронної діяльності. В процесі занять проводжу цікаві вікторини, ігри, конкурси, що виступають засобом стимулювання мислення дітей, розвитку допитливості, кмітливості, спостережливості, уміння орієнтуватися в певних умовах: саме вони викликають активність, розвивають увагу, зорову пам\'ять, органи чуття.\r\nПідбираючи для молодших школярів різноманітні екологічні ігри, ввожу учнів у ситуації пізнавальної активності. Наприклад:\r\n1.	«Екологічна гімнастика». Діти обмінюються думками з приводу екологічних проблем, а також виконують веселі фізичні вправи\r\n2.	Гра «Рекламні агенти» - де учні повинні розповісти про красу своєї місцевості, привабити туристів розповіддю.\r\nЕлементами ігор на уроці екологічними знаннями привертаю увагу дітей до традицій, звичаїв рідного краю. Роздаю завдання, які підготували учні «Лісової школи». Діти, уявно спілкуючись із звірятами, з цікавістю виконують роботу. \r\nНа уроках математики діти за допомогою цікавих «природничих» задач більш детальніше дізнаються про індивідуальні особливості якоїсь тваринки, комахи чи рослини. Так у пізнанні тренуються математичні навички, розширення кругозору.\r\nРозробляючи план виховної роботи зі своїми вихованцями, завжди прагну включити до нього різноманітні цікаві заходи по вихованню екологічної культури: релаксаційні паузи, «Букет квітів.\r\nНа уроках з курсу «Я і Україна» практикую повідомлення дітей «Яскраві події в природі за минулий місяць». До них готуються всі, але основне повідомлення робить відповідальний за виконання цієї роботи. Цей вид роботи розвиває спостережливість, уміння аналізувати, змістовно і цікаво розповідати, виховує відповідальність за доручену справу.\r\nДуже улюбленими формами позакласної роботи моїх вихованців є свята та екскурсії, яких вони чекають з нетерпінням, в підготовці і проведенні яких беруть активну участь.\r\nРобота по вихованню екологічної культури складна, але напрочуд цікава. Завдяки такій роботі вдалося залучити пасивних учнів до виконання класних доручень, дати змогу дитині відчути успіх, повірити в свої сили. Так багато років мої учні стають учасниками та переможцями Міжнародного природничого інтерактивного конкурсу «Колосок».\r\nМій девіз – спонукати, а не примушувати, заохотити, допомогти визначити творчі здібності.','profile.jpg'),(42,'Петрусенко Людмила Олександрівна',3,3,4,1,'одним із способів залучення учнів до навчального процесу, виховання відповідальності та старанності в них є використання на уроках історії активного навчання, в процесі якого вони використовують раніше набуті вміння і навички з метою отримання нових знань. Забезпечити активне навчання, як стверджує автор ППД, можна використовуючи методи інтерактивного навчання, самостійну роботу учнів з підручником, додатковими джерелами інформації, творчі завдання, учнівські диспути. Поряд із традиційною лекцією вчитель використовує так звану активну лекцію: лекцію-бесіду, діалог з учнями, лекцію з елементами дискусії, лекцію з інтенсивним зворотнім зв\'язком, лекцію з використанням ТЗН. Активізує пізнавальну діяльність учнів, їх участь в іграх історичного змісту: “Дерево знань”, “Словниковий теніс”, КВК тощо.','profile.jpg'),(43,'Гурба Валентина Володимирівна',3,3,4,1,'досвід роботи засвідчує, що в початковій школі є багато можливостей для здійснення екологічного виховання учнів. Автор ППД, спираючись на ідеї В.О. Сухомлинського, рекомендує як організувати навчально-виховний процес, щоб учні постійно взаємодіяли з природою, відчуваючи себе частинною її. На уроках доцільно використовувати задачі вправи, тексти для читання екологічного змісту, впроваджуючи такі форми роботи, як “мандрівки лісовою стежкою”, розповіді про тварин і рослин, пізнавальні завдання від їх імені, мандрівки у певну пору року, конкурси, екологічні інформації тощо. Особлива роль автором ППД відводиться навчальній грі, як засобу екологічного виховання. Участь учнів у грі екологічного змісту формує в учнів досвід сприйняття екологічно правильних рішень,засвоєння моральних норм і правил поведінки в природі, сприяє створенню зв\'язку між навчанням із застосуванням знань на практиці.\r\n	Можливість зблизитись з природою, активно поспілкуватись з нею \r\nдають правильно організовані екскурсії.','profile.jpg'),(44,'Катаєва Тетяна Тарасівна',3,3,4,1,'досвід роботи засвідчує, що саме в початковій школі доцільно формувати морально-духовні цінності на уроках та в позаурочний  час використовуючи твори В. Сухомлинського, які дають змогу навчити аналізувати вчинки героїв, побачити в них самих себе, розрізняти добро і зло.\r\n	Автор ППД, спираючись на ідеях Сухомлинського. рекомендує добирати найдоцільніші форми, методи, прийоми навчання з арсеналу традиційних та інтерактивних освітніх технологій, а саме: словникову роботу, виразне читання, інсценізацію казок, читання в особах, роздуми “Що було б як би?”; методи: “кубування”, “гронування”, “незакінчене речення”.\r\n	Особлива увага автора ППД відводиться урокам доброти, духовності. Розуміючи свою спрямовуючу роль, вона не надає готових знань, залишаючи дітям пасивне слухання, а старається, за порадою В. Сухомлинського, відкривати щось нове.','profile.jpg'),(45,'Коваль Світлана Миколаївна',3,3,4,1,'досвід роботи автора ППД засвідчує, що використання культурної спадщини народу, на уроках і в позаурочний час прищеплює учням шанобливе ставлення до народних звичаїв і традицій, розвиває пізнавальний інтерес до історичного минулого своєї країни, виховує кращі людські якості. Автор ППД керуючись трьома принципами роботи: народності, природовідповідності та гуманізації, рекомендує впроваджувати ідеї народного виховання через безпосереднє застосування фактичного матеріалу з народної педагогіки через пропаганду і впровадження національних ідей. Ці ідеї відображаються в рідній українській мові, фольклорі, національних традиціях, родинному побуті, святах, обрядах, настановах, правилах громадянської поведінки і нормах християнської моралі.\r\n	Автором ППД оформлено в школі кабінет “Українська світлиця”','profile.jpg'),(46,'Бібко Ірина Григорівна',3,4,4,4,'досвід роботи автора ППД засвідчує, що в роботі вихователя ГПД є багато можливостей для розвитку пізнавальної активності учнів під час занять морально-етичного змісту.\r\n	Автор ППД рекомендує так організовувати навчально-виховний процес, щоб учні постійно збагачувались морально і духовно, володіли навичками культури поведінки, вміли самостійно приймати рішення, адекватно оцінювати їх та нести за них відповідальність. \r\n	Найкраще реалізувати дану проблему застосовуючи проблемне навчання, включаючи дитину в дослідницьку діяльність, навчаючи учня працювати самостійно, формуючи мотиви навчання та пізнавальний інтерес. Все це можливо завдяки спільній діяльності сім\'ї та школи по створенню сприятливої психологічної атмосфери для учнів.\r\n	Даний ППД було презентовано на засіданнях ШМО та ММО вихователів ГПД, методичної ради ММЦ управління освіти Прилуцької міської ради, 2011 р. Матеріали з досвіду роботи надруковані у фахових журналах: “Розкажіть онуку” № 11-12 червень, 2009 р. вікторина “Чи знаєте ви казки та їх героїв”; “Вихователю ГПД. Усе для роботи” №5 травень, 2013 р. виховний захід “Тварини — брати наші менші”','profile.jpg'),(47,'Рудановська Валентина Павлівна',3,3,4,1,'досвід роботи автора ППД засвідчує, що в роботі вчителя початкових класів доцільно використовувати метод проектів, як засіб креативно-пізнавальної діяльності у процесі якого розвиваються: пізнавальні здібності; креативне мислення; активність і самостійність; просторова уява;\r\nкритичне мислення.\r\n	Крім того в учнів формуються: навички вербальної та невербальної комунікації; навички та прийоми роботи в колективі; навички емоційно-вольової сфери; навички спілкування в соціумі; вміння враховувати потреби оточуючих; вміння приймати оцінку інших.\r\n	Автор ППД переконана, що використання проектного методу дає змогу реалізувати особистісно-діяльнісний і особистісно-зорієнтований підхід в освіті учнів.\r\n	Роботу з невеликими за обсягом проектами вчитель рекомендує розпочинати з другого класу. Це інформаційні проекти, спрямовані на збирання інформації, її аналіз та узагальнення фактів. Мета таких проектів навчити дітей створювати реферати та доповіді. Далі робота над проектами ускладнюється, ідуть дослідницькі проекти. Вони потребують чітко продуманої структури, визначеної мети, актуальності теми проекту, соціальної значимості. Ці проекти потребують більш детальної підготовки і часу для реалізації.','profile.jpg'),(48,'Рева Галина Михайлівна',3,3,4,3,'автор ППД вважає, що одним із важливих завдань вчителя біології сучасної школи є здійснення профорієнтаційної роботи, так як ринок праці все більше потребує кваліфікованих спеціалістів для сільського, лісового, рибного господарств, медицини, природоохоронних об\'єктів тому активізувала профорієнтаційну роботу з біології, так як вивчення цієї навчальної дисципліни має потенційні можливості для свідомого вибору учнями майбутньої професії. \r\n	З метою формування в учнів на уроках біології професійної мотивації вчитель провела значну підготовчу роботу:\r\n	- визначила в програмовому матеріалі теми, при викладанні яких доцільно включати профорієнтаційний матеріал;\r\n	- зібрала інформаційний матеріал про різні види професій типу “Людина-природа” та “Людина-людина”;\r\n	- визначила форми подачі профорієнтаційного матеріалу, що найбільше відповідає змісту теми, способи включення в навчальний процес усього матеріалу, що забезпечить ознайомлення учнів з особливостями тієї чи іншої професії та умовами професійної діяльності.\r\n	Автор ППД видала методичні рекомендації “Профорієнтаційна робота вчителя в сучасній школі”, які містять інформацію про шляхи підготовки до систематичної й цілеспрямованої роботи при викладанні біології, поради з досвіду роботи щодо урізноманітнення форм профорієнтаційної роботи.','profile.jpg'),(49,'Правдивець Михайло Іванович',3,3,4,3,'автор ППД переконаний, що в процесі вивчення шкільного предмета трудового навчання з 5 по 11 кл. важливо залучати учнів до участі в різних видах діяльності, бо це є ефективним засобом їх розумового розвитку. Фізіологічно обгрунтовані норми фізичного навантаження у процесі практичної діяльності сприяють загальному розвитку організму, досконалої координації рухів та сенсорних якостей особистості. Тому він рекомендує велику увагу приділяти підготовці учнів до їх участі в практичній роботі. Вибір практичної роботи радить розпочинати зі складання технологічної карти, що дасть змогу учням самим продумати весь процес виготовлення виробу, підібрати необхідний інструмент, пристрої та матеріали.\r\n	Автор ППД видав методичні рекомендації щодо впровадження в практику роботи творчих проектів з трудового навчання учнів 5-11 класів, які містять розгорнуті творчі проекти учнів з трудового навчання, зміст яких відповідає програмі та Державному стандарту з трудового навчання та різні види цікавих завдань для розвитку здібностей учнів, завдання для роботи з обдарованими дітьми.','profile.jpg'),(50,'Бережняк Світлана Іванівна',3,3,4,1,'автор ППД переконана, що ефективність процесу засвоєння знань молодшими школярами в значній мірі залежить від рівня активізації їх пізнавальної діяльності, тому в навчально-виховному процесі використовує такі форми і методи навчання, які сприяють формуванню творчої, мислячої особистості дитини, розвивають у неї стійкий інтерес до навчання, потребу в самостійному їх пошуку. Зокрема, це робота учнів у малих групах та парах, елементи інтерактивних технологій, ігрова діяльність тощо. Учитель на уроках створює такі ситуації, в яких учні навчаються захищати свої думки, рецензують відповіді своїх однокласників, дають поради один одному, діляться своїми доробками, допомагають друзям, пояснюючи незрозуміле.','profile.jpg'),(51,'Забула Людмила Василівна',3,3,4,1,'досвід роботи автора ППД засвідчує, що в процесі вивчення англійської мови найголовніше завдання вчителя — навчити учнів  самостійно працювати. Адже прагнення самостійно і творчо оволодівати знаннями, виконувати завдання, що вимагають проявів критичності розуму, уяви, фантазії — неодмінна умова виникнення глибокого інтересу до навчальних предметів. \r\n	З метою організації самостійної роботи з предмета автор ППД пропонує залучати учнів до проектної діяльності, науково-дослідницької роботи МАН, виготовлення власних презентацій, пошукової діяльності, створення мовленнєвого портфоліо. Набуття самостійності перетворює учня з носія академічних знань на людину соціально активну, налаштовану на соціалізацію у суспільстві з метою використання здобутих знань.','profile.jpg'),(52,'Гапон Тетяна Анатоліївна',7,3,4,1,'досвід роботи засвідчує, що на уроках та в позаурочній діяльності застосовує такі прийоми навчання, які сприяють підтриманню інтересу учнів до іноземної мови, допомагають залучити їх до мовленнєвої діяльності, підвищують ефективність уроку. Серед таких прийомів автор ППД виділяє навчальні ситуації, мовні зарядки, ігри, бесіди на теми, пов’язані із інтересами учнів, їх життєвим досвідом, безпосереднім оточенням, інтерактивні технології. Досить ефективним для розвитку навичок монологічного мовлення є застосування автором досвіду методу проектів, який дає можливість учням у самостійній діяльності творчо реалізувати засвоєні компетенції.','profile.jpg'),(53,'Гребінь Валентина Миколаївна',7,3,4,3,'досвід роботи засвідчує, що учитель на уроках та в позаурочній діяльності  краєзнавчо-пошуковій роботі, як засобу реалізації пізнавальних інтересів особистості, надає велику увагу. На своїх уроках вона виховує любов до рідного краю, бажання пізнавати нове, формує вміння та навички в практичному вивченні предметів, сприяє вивченню природи, населення, господарства свого краю, осмисленню закономірностей розвитку природи і суспільства. Залежно від мети і змісту уроку автор ППД використовує різні форми краєзнавчої роботи: робота на природі, з літературою, інтернет-ресурсами, ігрова діяльність. У ході занять у дітей виробляється критичний спосіб мислення, уміння комплексно вирішувати пізнавальні завдання. Як переконує досвід роботи, краєзнавча робота для автора досвіду є тим засобом, де на основі вільного  вибору і необмежених можливостей для творчості особистість опановує знаннями про різні сфери життя людей, їх матеріальні та духовні цінності, і на цій основі учні набувають певного соціального досвіду.','profile.jpg'),(54,'Деркач Світлана Миколаївна',7,3,4,1,'робота вчителя з розвитку творчих здібностей учнів у процесі вивчення музичного мистецтва забезпечує високий рівень викладання предмета, сприяє міцному оволодінню учнями музичної грамоти,прищеплює шанобливе ставлення до культурної спадщини, народних традицій, акцентує увагу на взаємозв’язку музики і життя. Проблема пошуку нових форм роботи проведення нестандартних уроків, використання міжпредметних зв’язків з літературою та образотворчим мистецтвом,  які збуджують інтерес до музики і більш ефективно впливають на розвиток творчих здібностей учнів, завжди знаходяться в центрі уваги автора ППД.','profile.jpg'),(55,'Кобзиста Людмила Борисівна',9,3,4,1,'досвід роботи засвідчує, що, вивчаючи навчальний матеріал на уроках історії та правознавства, необхідно робити акцент на формування в учнів духовно-моральних якостей, враховуючи вікові особливості. Працюючи в цьому напрямку в 7-10 класах, ставлю перед собою, як вчителем, низку завдань, які маю розв’язати в процесі навчання:\r\n-	формування пізнавальних інтересів учнів; \r\n-	формування духовно-моральних якостей;\r\n-	сприяти розкриттю творчих можливостей учнів;\r\n-	сприяти формуванню правової свідомості учнів.\r\nСвій ППД презентую під час засідань шкільного та міського методичних об’єднань вчителів історії та правознавства.','profile.jpg'),(56,'Чебітко Людмила Володимирівна',9,3,4,1,'досвід роботи засвідчує, що в процесі вивчення шкільного предмета «Англійська мова» 5-11 клас  доцільно використовувати сучасні шляхи формування духовності та моральних цінностей у дітей. Автор ППД розробила підбірку вправ комунікативно-орієнтованої граматики для учнів 8-11 класів з метою розв’язання наступних завдань:\r\n-	розвиток естетичного сприймання краси та культури;\r\n-	забезпечення індивідуалізації навчання і підвищення його мотивації через гру;\r\n-	розвиток в учнів самостійності та самовираження;\r\n-	спонукання учнів до мовленнєвих дій через використання проблемних мовленнєвих ситуацій.','profile.jpg'),(57,'Пилипенко Тетяна Віталіївна',9,3,4,1,'досвід роботи засвідчує, що, вивчаючи навчальний матеріал на уроках фізики та астрономії, необхідно робити акцент на впровадженні  диференціації та індиві¬дуалізації навчальної діяльності школярів, враховуючи вікові особливості. Працюючи в цьому напрямку в 9-11 класах, ставлю перед собою, як вчителем, низку завдань, які маю розв’язати в процесі навчання:\r\n-	формування пізнавальних інтересів учнів; \r\n-	розкриття індивідуальних можливостей учнів;\r\n-	розвиток в учнів самостійності, упевненості у власних силах. \r\nСвій ППД презентую під час засідань шкільного та міського методичних об’єднань вчителів фізики.','profile.jpg'),(58,'Чижик Світлана Іванівна',9,3,4,1,'досвід роботи засвідчує, що, вивчаючи навчальний матеріал на уроках образотворчого мистецтва та в позаурочний час, необхідно робити акцент на розвиток естетичних смаків учнів, враховуючи вікові особливості. Працюючи в цьому напрямку в 3-7 класах, ставлю перед собою, як вчителем, низку завдань, які маю розв’язати в процесі навчання:\r\n-	формування пізнавальних інтересів учнів; \r\n-	розкриття індивідуальних можливостей учнів;\r\n-	розвиток в учнів самостійності, упевненості у власних силах; \r\n-	розуміння поліхудожнього та полікультурного образу світу. \r\n\r\nСвій ППД презентую під час засідань шкільного та міського методичних об’єднань вчителів образотворчого мистецтва.','profile.jpg'),(59,'Куц Тетяна Іванівна',7,3,4,1,'досвід роботи засвідчує, що на своїх уроках автор ППД працює над виробленням організаційних форм і методів роботи з учнями по забезпеченню сприятливих умов для всебічного розвитку інтелектуального потенціалу кожного з них. Автор використовує різноманітні методи навчання, що сприяють активізації творчої діяльності учнів: метод асоціації; сенкан, написання творів, казок, віршів . Використання новітніх педагогічних технологій та методик, які активізують пізнавальну діяльність учнів,сприяють  посиленню мотивації навчання. Проведення нестандартних уроків, використання засобів проектних технологій, які використовує автор, спонукає її учнів досліджувати, самостійно здобувати знання, аналізувати і систематизувати зібраний матеріал, творчо підходити до знань. Особливо великі можливості  реалізації  даної проблеми є  на уроках рідної мови, на яких автором застосовується багато вправ творчого характеру, які розкривають внутрішній світ дитини, почуття особистої відповідальності.','profile.jpg'),(60,'Мірошниченко Ірина Миколаївна',7,3,4,1,'досвід роботи засвідчує, що використання окремих вправ, завдань з логічним навантаженням, розв’язування задач, знаходження шляхів перевірки правильності розв’язування сприяють формуванню та розвитку логічного мислення. Спираючись на досвід М.Н.Лисенкової, у процесі роботи над темою при розв’язуванні задач вчитель формує такі важливі мислительні операції, як аналіз, синтез. порівняння, абстрагування, узагальнення, пропонує алгоритмічні вказівки у вигляді пам’яток, використовує опорні схеми, які допомагають дітям міркувати.','profile.jpg'),(62,'Минка Володимир Михайлович',8,3,4,3,'досвід роботи засвідчує, що серед методів навчання обдарованих учнів мають превалювати самостійна робота, пошуковий і дослідницький підходи до засвоєних знань, умінь і навичок. У кожній дитині природою закладений певний творчий потенціал. Надзвичайно важливо навчити дитину бачити прекрасне, тонко сприймати навколишній світ, правильно й образно висловлювати думки. Виявлення обдарованих і талановитих дітей - це тривалий процес. Робота ця копітка, об’ємна, тож розпочинати її слід якомога раніше і провадити системно. Можна виокремити кілька основних заходів щодо роботи з обдарованими учнями. Передусім це надання їм можливості виконувати більше навчальних завдань. При цьому має бути витриманий оптимальний обсяг додаткової роботи (щоб уникнути перевантаження).\r\nУ процесі розвитку творчих здібностей учнів треба пам\'ятати, що завжди учителеві необхідно добре відчувати настрій дітей, розуміти, що саме в цей день, на цьому уроці  в цю хвилину вони сприймуть найкраще.','profile.jpg'),(63,'Приходько Ніна Іванівна',7,3,4,1,'досвід роботи засвідчує, що  використовуючи широкий спектр методичних і дидактичних прийомів, учитель впливає на спосіб мислення і дії дітей, збуджує екологічну свідомість, будить етичні і гуманні відносини їх  до природи.\r\n  В процесі формування в учнів екологічної свідомості автор ППД  застосовує  оптимальну систему підготовки школярів до глибокої розумової праці. Розвитку стійкого інтересу і потреби в отриманні знань','profile.jpg'),(64,'Рілова Людмила Олександрівна',5,3,4,3,'актуальність досвіду полягає в тому, що ХХІ століття – епоха інформатизації суспільства. Комп’ютер увійшов у життя і без нього воно стало неможливим. Перед школою постало завдання адаптуватися до нових умов, щоб освітні послуги вийшли на новий рівень і задовольняли  потреби молодого покоління та їх батьків. \r\nАвтором ППД створено підбірку уроків  «З електронним атласом на урок географії», мультимедійних  презентацій  для 6-10 класів, які передбачають розв\'язання низки завдань:\r\n-	підвищення продуктивності уроку;\r\n-	підвищення рівня використання наочності на уроці;\r\n-	установлення тісних міжпредметних зв’язків з інформатикою та іншими предметами;\r\n-	посилення логіки викладу навчального матеріалу, що позитивно позначається на рівні знань учнів; \r\n-	розвиток пізнавального інтересу учнів;\r\n-	розкриття творчих можливостей учнів;','profile.jpg'),(65,'Симоненко Володимир Павлович',7,3,4,1,'досвід роботи засвідчує, що застосування змагально-ігрового методу в навчальному процесі з фізичного виховання, який пропагує автор досвіду,  дозволяє домогтися більш високих показників у фізичному розвитку та підготовці учнів, а уроки зробити більш цікавими. Частіше на уроках автор ППД використовує груповий метод організації діяльності учнів, при якому зростає обсяг та інтенсивність навантажень, створюються ситуації, що посилюють інтерес до знань.\r\n     Змагально-ігрові вправи допомагають пожвавити урок, а найголовніше – вирішити основну проблему рухової активності учнів будь-якого віку і статевої відмінності.','profile.jpg'),(66,'Скорина Тетяна Василівна',7,3,4,3,'досвід роботи переконує , що під час вивчення шкільного предмета «Біології» з 7 по 11 клас необхідно використовувати сучасні  інформаційно- комунікативні технології. Автором  ППД розроблено велику  кількість уроків  по впровадженню інформаційних технології у навчально- виховний процес, які дозволяють розв’язати вчителю  такі завдання:\r\n-	формування системи  знань про природу, розуміння взаємозв’язків і взаємозалежностей, що існують у ній;\r\n-	пробудження  навчально-пізнавальної  активності учнів;\r\n-	формування дослідницько – практичних  умінь та навичок\r\n-	розвиток  якостей творчої особистості та інформаційно-комунікативних компетенцій  учнів\r\n    Даний ППД  було презентовано на засіданні методичної ради міського методичного центру, на засіданні міського методичного об’єднання у  2013 році. Матеріали з досвіду роботи розміщені у посібнику «Використання інноваційних технологій в екологічному вихованні школярів» Прилуки 2009, у «Методичних рекомендаціях щодо використання інноваційних технології на уроках біології у 8 класі (технологія «3 по 30 хвилин»)»Прилуки 2012,  на сторінках Методичного порталу, надруковані на сторінках на сторінках науково-методичного журналу «Біологія» № 34-36, грудень 2012 р.','profile.jpg'),(67,'Солдатенко Валентина Володимирівна',1,3,4,1,'досвід роботи засвідчує, що в процесі вивчення шкільного предмета “ Англійська  мова ” в усіх класах доцільно використовувати автентичні  матеріали . Автором ППД створено технологічну картку  по впровадженню інноваційних технологій навчання та використання автентичних матеріалів з 5 по 11 клас, яка передбачає розв\'язання низки завдань:\r\n•	 Стійка мотивація\r\n•	Можливість застосування індивідуального підходу\r\n•	Сприяння розвитку самостійності учнів\r\n•	Підвищення  інформованості щодо інших мов і культур, можливість порівняння з рідною мовою та культурою\r\n•	Соціокультурна та соціолінгвістична компетенції\r\n•	Наближення до реальних умов застосування мови\r\n•	Інтенсифікація всіх рівнів навчально-виховного процесу \r\n•	Готовність до формування сучасних життєво важливих компетенцій.\r\n\r\nДаний ППД було презентовано на методичному фестивалі “Рада НМЦ” 2013р. Матеріали з досвіду роботи надруковані в  газеті «English», №47 2009','profile.jpg'),(68,'Хотінь Ірина Миколаївна',1,3,4,3,'досвід роботи засвідчує, що в процесі вивчення шкільних предметів  “Математика”, «Українська мова» та «Читання» з 1 по 4 клас доцільно впроваджувати систему розвивального навчання Д.В. Ельконіна – В.В. Давидова. Досвід передбачає розв\'язання таких завдань: \r\n-  оволодіння принципово новим типом взаємодії учителів з учнями;\r\n- формування в дитини теоретичного типу мислення;\r\n- опанування навчальним матеріалом не через зазубрювання, а через розуміння принципів, взаємозв’язків;\r\n- забезпечення розвитку пізнавального інтересу через самостійно здобуті знання;\r\n- формування особистісних якостей, що базуються на загальнолюдських цінностях (адекватна самооцінка, взаємодія з однокласниками, вміння відстоювати свою позицію, повага до чужої думки);\r\n- застосування інтерактивних технологій навчання.\r\n	Даний ППД було презентовано на засіданні шкільного методичного об’єднання. \r\nМатеріали з досвіду роботи надруковані в журналі \"Сучасна школа України\" №9/2010','profile.jpg'),(69,'Турчин Світлана Олексіївна',1,3,4,3,'В своїй роботі використовую такі основні технології навчання: технологія ігрового навчання, технологія формування творчої особистості, інформаційні технології навчання, технологію «Ситуація створення успіху». \r\nДля мене пріоритетними напрямками удосконалення навчально-виховного процесу є:\r\n–	системний підхід до вивчення математики;\r\n–	використання методичних інновацій, пов’язаних із застосуванням інтерактивних технологій навчання;\r\n–	активізація та диференціація навчального процесу \r\nПеребуваю в постійному пошуку, знаходжу такі шляхи і методи навчання, щоб на  уроці зацікавити  учнів, складаю з ними щирі, доброзичливі і водночас вимогливі стосунки, ставлю на контроль кожну помилку, на кожне «чому?» намагаюсь дати  відповідь. \r\n	Даний ППД було презентовано на «Методичному фестивалі (рада МНЦ) 2012». Матеріали з досвіду роботи надруковані в посібнику  “Многогранники. Досконалість і гармонія. Методичні рекомендації по вивченню теми «Многогранники». Прилуки: Прилуцька гімназія №1, 2011.','profile.jpg'),(70,'Щербина Валентина Василівна',7,3,4,1,' досвід роботи засвідчує, що на уроках і в позаурочній діяльності автор ППД працює над тим, щоб прищепити доброту і чесність, здатність здійснювати благородні вчинки, вміння мислити й відстоювати свої переконання. У системі роботи автора велике значення має переконання, бесіда, розповідь, вчинки героїв літературних творів, казки та оповідання В.Сухомлинського,  свята, зустрічі з видатними людьми. Автор  домагається щоб молоде покоління, засвоюючи духовні цінності, перетворювали їх у зміст власних поглядів, у свій духовний арсенал, виробляли свою власну систему цінностей. \r\n Даний ППД було презентовано на засіданні шкільної методичної ради у березні 2012  року.','profile.jpg'),(71,'Чигрiна Галина Миколаївна',1,3,4,3,'досвід роботи засвідчує, що в процесі вивчення шкільного предмета “Математика” доцільно використовувати сучасні, інформаційні технології враховуючи вікові особливості учнів, оскiльки збільшення розумового навантаження на уроках математики вимагає пошуку ефективних методів навчання і таких методичних прийомів, які б активізували школярів, стимулювали їх до самостійного оволодіння знаннями, розвивали логічне мислення учнів, тому вчитель працює над:\r\n- утвердженням цілеспрямованого інтересу учнів до навчального процесу;\r\n- формуванням самостійності школярів у пошуку розв\'язування навчальних завдань;\r\n- виробленням навичок самостійно планувати свою працю, реально оцінювати здобуті результати і виправляти допущені помилки;\r\n - з\'ясуванням ролі математики в розв\'язуванні екологічних проблем;\r\n- аналізом прикладів економного та ефективного використання природних ресурсів;\r\n- вихованням екологічного розуміння та екологічної культури, відповідальності за стан навколишнього середовища.\r\n\r\n	Даний ППД було презентовано на  \" Методичному фестивалi\" (Рада ММЦ) - 2011р. Матеріали з досвіду роботи надруковані в посібниках :“Я і екологія”(2007р), “Математика i екологія ” (2007р), “Показникові рівняння” (2010р).','profile.jpg'),(72,'Дротянко Наталія Вікторівна',5,3,4,3,'досвід роботи доводить, що проектування привчає дітей до самостійної, практичної, планової й систематичної роботи, виховує прагнення до створення нового або існуючого, але вдосконаленого виробу, формує уявлення про перспективи його застосування; розвиває морально-духовні,трудові якості,працелюбність,формує  мотиви вибору професії. Результатами такої діяльності учнів є перемоги на ІУ етапах Всеукраїнської олімпіади з трудового навчання.\r\nСуть досвіду роботи вчителя  полягає в розкритті психологічного механізму креативності, в забезпеченні  можливості використання законів творчості для вдосконалення змісту й методів навчання при роботі з обдарованими дітьми.    \r\nДаний ППД було презентовано на засіданні науково-методичної ради міського методичного центру \r\nМатеріали з досвіду роботи надруковані в посібнику«Методичні рекомендації щодо застосування сучасних технологій обробки матеріалів».','profile.jpg'),(73,'Іценко Ірина Олександрівна',5,3,4,3,'складовими системи роботи вчителя над науково-методичною проблемою є: вивчення методичної літератури, ознайомлення з перспективним педагогічним досвідом з даного питання, розробка власних уроків за системою особистісно зорієнтованого навчання, систематична організація краєзнавчо-пошукової та науково-дослідницької роботи учнів, організація навчальних екскурсій до історично-культурних перлин України, презентація історії та культури Чернігівщини в рамках міжнародних проектів. \r\nДосвід роботи передбачає розв’язання низки завдань:\r\n- набуття учнями досвіду самостійної пізнавальної діяльності;\r\n- стимулювання інтересу учнів до пошукової краєзнавчої роботи;\r\n- розвиток здатності критично мислити, висловлювати власну думку;\r\n- формування незалежної точки зору й виявлення поваги до поглядів товаришів.\r\nУ рамках роботи над науково-методичною проблемою педагогом вивчено літературну спадщину М.Костомарова та видано методичні рекомендації щодо вивчення творчості митця на уроках літератури рідного краю.\r\nМетодичні розробки вчителя надруковані у фахових виданнях, а саме: газеті «Українська мова та література» (видавництво «Шкільний світ») та «Науково-методичному віснику» Ніжинського обласного педагогічного ліцею Чернігівської обласної ради.\r\nДосвід роботи вчителя презентовано на засіданні науково-методичної ради міського методичного центру управління освіти Прилуцької міської ради в лютому 2013 року.','profile.jpg'),(74,'Влахно Наталія Олександрівна ',5,3,4,1,'досвід роботи в школі переконує, що в процесі вивчення шкільного предмета “Фізика” з 7 по 11 клас доцільно використовувати сучасні технології навчання. Величезний об’єм навчального матеріалу, необхідність навчити розв’язувати задачі, виконання лабораторних робіт, проведення експериментально-дослідницької діяльності вимагають застосування інформаційних та інтерактивних методів і підходів  проведення уроків, \r\nСаме інноваційні технології навчання допомагають:\r\n-	 розвивати пізнавальний інтерес у дітей;\r\n-	 розвивати творчі можливості учнів;\r\n-	 формувати експериментально-дослідницькі уміння й навички;\r\n-	розвивати самостійність і готовність до формування сучасних життєво важливих компетенцій.\r\nДосвід роботи вчителя презентовано на засіданні міського методичного об’єднання вчителів фізики в 2011 році.','profile.jpg'),(75,'Жигунова Лідія Олександрівна',10,3,4,3,'досвід роботи засвідчує, що провідним методом на уроках є використання проблемної бесіди на основі індивідуальних завдань класу за вибором учнів, а також поєднання самостійної практичної діяльності з контролем і керівництвом учителя. Автором ППД започатковано у школі систему роботи «Класу родини». Розуміючи, що сім’я була і залишається головним осередком, де відбувається становлення і розвиток особистості дитини, учитель спрямовує увагу на збереження і зміцнення родинних стосунків, підвищує педагогічну культуру батьків. Досвід ППД по родинному вихованню надруковано в збірнику «1000+1 ідея «Української школи» у 2011 році, який рекомендовано МОН молодь спорту України.','profile.jpg'),(76,'Каліш Людмила Василівна',5,3,4,1,'досвід роботи засвідчує, що в процесі вивчення української мови та літератури в школі  доцільно використовувати сучасні інтерактивні,  інформаційні технології, враховуючи вікові особливості учнів. Упровадження інтерактивних методів та прийомів навчання  передбачає розв\'язання низки завдань: \r\n - розширення пізнавальних властивостей учнів, зокрема в здобуванні, аналізі та застосуванні інформації з різних джерел;\r\n - можливість перенесення отриманих умінь, навичок та способів діяльності на різні предмети та позашкільне життя учнів;\r\n  - формування глибокої внутрішньої мотивації;\r\n  - підвищення ефективності занять;\r\n  - формування й розвиток комунікативних навичок і вмінь.\r\nІнноваційний підхід учитель здійснює шляхом залучення учнів до визначення особистісно-значущої мети, завдань уроку, створення ситуації успіху, використання різнорівневих самостійних робіт, індивідуальних та альтернативних домашніх завдань.\r\n	Даний ППД було презентовано на засіданні міського методичного об\'єднання вчителів української мови та літератури у 2010  – 2011 н.р.\r\n\r\nТема досвіду: «Активізація пізнавальної діяльності учнів на уроках української мови та літератури шляхом упровадження інтерактивних технологій з метою формування духовно- моральних цінностей»\r\nКороткий опис ППД: досвід роботи засвідчує, що в процесі вивчення української мови та літератури в школі  доцільно використовувати сучасні інтерактивні,  інформаційні технології, враховуючи вікові особливості учнів. Упровадження інтерактивних методів та прийомів навчання  передбачає розв\'язання низки завдань: \r\n - розширення пізнавальних властивостей учнів, зокрема в здобуванні, аналізі та застосуванні інформації з різних джерел;\r\n - можливість перенесення отриманих умінь, навичок та способів діяльності на різні предмети та позашкільне життя учнів;\r\n  - формування глибокої внутрішньої мотивації;\r\n  - підвищення ефективності занять;\r\n  - формування й розвиток комунікативних навичок і вмінь.\r\nІнноваційний підхід учитель здійснює шляхом залучення учнів до визначення особистісно-значущої мети, завдань уроку, створення ситуації успіху, використання різнорівневих самостійних робіт, індивідуальних та альтернативних домашніх завдань.\r\n	Даний ППД було презентовано на засіданні міського методичного об\'єднання вчителів української мови та літератури у 2010  – 2011 н.р.','profile.jpg'),(77,'Колесник Олександр Васильович',5,3,4,3,'досвід роботи засвідчує, що в процесі вивчення шкільного предмета “Трудове навчання” з 5 по 9 клас доцільно використовувати сучасні, інноваційні технології, враховуючи вікові особливості учнів. Результативність навчального процесу досягається використанням сучасних високоефективних методів, засобів і прийомів, що забезпечують творче оволодіння величезним масивом наукових знань. Навчання з використанням інноваційних технологій якісно перевищує класичну освіту.	 Автор ППД є співукладачем  методичного посібника «Інноваційні технології на уроках трудового навчання». Методичні рекомендації передбачають упровадження в навчальний процес:\r\n-	проектно- технологічного підходу;\r\n-	інтерактивного навчання;\r\n-	використання комп’ютерних технологій;\r\n-	застосування ігрових технологій навчання;\r\n-	упровадження елементів особистісно-орієнтованого навчання.\r\n	Даний ППД було презентовано на курсах перепідготовки та підвищення кваліфікації вчителів ЧОІППО, засіданнях МО вчителів трудового навчання різних рівнів.','profile.jpg'),(78,'Костриця Наталія Іванівна',5,3,4,1,'провідна ідея досвіду полягає у зацікавленні учнів навчальним матеріалом і процесом оволодіння ним та раціоналізації навчальної діяльності учнів. Для розвитку пізнавального інтересу учнів особлива роль відводиться інноваційним технологіям навчання, ефективність застосування яких обумовлена наступними факторами:\r\n-	можливістю урізноманітнити форми представлення інформації;\r\n-	високим ступенем наочності;\r\n-	можливістю моделювати за допомогою комп\'ютера різноманітні об\'єкти та процеси;\r\n-	організацією колективної та індивідуальної дослідницької роботи;\r\n-	можливістю диференціювати роботу учнів у залежності від рівня підготовки, пізнавальних інтересів та ін.\r\n	Даний ППД було презентовано на засіданні МО вчителів математики та інформатики спеціалізованої школи І-ІІІ ступенів  №6.','profile.jpg'),(79,'Лушина Валентина Василівна',5,3,4,1,'досвід роботи засвідчує, що в процесі вивчення шкільного предмета “Хімія” з 7 по 11 клас доцільно використовуються матеріали екологічного спрямування та хімічні задачі екологічного змісту, які допомагають зрозуміти , що навчальна діяльність повинна:\r\n-	базуватися на хімічних знаннях;\r\n-	сприяти розумінню ролі хімічних речовин у природі;\r\n-	формувати в учнів певну позицію, екологічно-грамотну поведінку;\r\n-	виховувати бережне ставлення до природи і розкривати основні шляхи захисту середовища від забруднювачів.\r\nЩоб зробити урок сучасним, учитель активно використовує інформаційно-комунікаційні технології: навчальне відео, комп’ютерні презентації, слайд-шоу.\r\nУ позакласній роботі залучає учнів до проведення дослідницької роботи, яка дає змогу учням здобути не тільки теоретичні знання, а й власноруч проводити експерементальні дослідження, використовуючи об?єкти навколишнього середовища\r\n	Досвід було презентовано на засіданні міського методичного об’єднання вчителів хімії.','profile.jpg'),(80,'Назарина Юлія Миколаївна',5,6,4,5,'Метою досвіду психолога є створення умов, що забезпечують виявлення та розвиток обдарованих дітей, реалізацію їхніх потенційних можливостей та створення комфортного комунікативного середовища для самореалізації особистості учнів .\r\nПсихологічний супровід  будується на основі системи психодіагностичних мінімумів, результати яких використовуються під час корекційно-розвивальної роботи та просвітницької діяльності.\r\nВелику увагу практичний психолог приділяє реалізації програми «Сприяння просвітницькій роботі «рівний – рівному» серед молоді України щодо формування здорового способу життя» \r\nМатеріали з досвіду роботи надруковані:\r\n-	“Зміцнення психологічного клімату педагогічного колективу” . – науково-методичний журнал “Шкільному психологу. Усе для роботи” видавнича група «Основа професійного зростання», №2, лютий 2013 р. \r\n-	Методичні рекомендації   “Психологічний супровід пошуку, навчання та розвитку обдарованих дітей в умовах закладу нового типу,” затверджена на засіданні Вченої ради ЧОІППО  ім. К. Ушинського (протокол №6 від 06.12.2012)','profile.jpg'),(81,'Переяславська Людмила   Миколаївна',5,3,4,3,'Вивчення математики виховує розсудливість, гнучкість розуму, логічність думки, здатність прогнозувати певні ситуації наперед. Ці якості особливо потрібні кожному в умовах ринкової економіки. А тому завданням учителя є підвищення інтересу до вивчення математики.  Це не можливо без застосування сучасних методів навчання. Досвід роботи із застосування інноваційних технологій  засвідчує доцільність та ефективність їх використання. Вони допомагають:\r\n-	розвивати пізнавальні інтереси дітей;\r\n-	зробити навчання цікавим, емоційно-образним;\r\n-	розвинути особистісні якості кожної дитини;\r\n-	відчути радість перемоги в процесі навчання.\r\nДаний ППД було   узагальнено в методичних   рекомендаціях    «Упровадження інноваційних технологій на уроках математики в початковій школі» ( 2012р.) та презентовано на засіданні науково-методичної ради міського методичного центру управління освіти Прилуцької міської ради.','profile.jpg'),(82,'Пономаренко Валерій Борисович',5,3,4,3,'у процесі вивчення шкільного предмета “Географія” з 6 по 10 клас доцільно використовувати сучасні   технології, враховуючи вікові особливості учнів. Такими технологіями можуть бути інтерактивні та інформаційні. Навчальний процес побудований таким чином, щоб учні отримували  в результаті роботи такі навички та поняття:\r\n-	розвиток пізнавального інтересу;\r\n-	розкриття творчих можливостей учнів;\r\n-	формування дослідницько-практичних умінь та навичок;\r\n-	формування в учнів наукового світогляду;\r\n-	формування в учнів особистісних якостей;\r\n-	формування в учнів екологічної свідомості.\r\n\r\nДаний досвід презентовано на засіданні науково-методичної ради міського методичного центру Прилуцької міської ради в лютому 2011 року, автором укладено методичний посібник для вчителя «Фізична географія Чернігівської області» (2011 рік).','profile.jpg'),(83,'Самотескул Наталія Василівна',5,3,4,3,'Актуальною є проблема бездуховності сучасної молоді, яка має високий інтелектуальний розвиток, озброєна найновішими технологіями, але перебуває в дисгармонії зі своїм духовним світом, часто веде аморальний спосіб життя. Система ОЗОН дозволяє найефективніше реалізувати завдання духовно-морального виховання сучасної молоді.\r\nПроблемні питання, поставлені автором ППД:\r\nЯк і чим заохотити учня до співпраці?Як примусити захоплено битися дитяче серце у відповідь на художній твір?Як навчити чути іншого, толерантно ставлячись до точки зору опонента?\r\nМатеріали з досвіду роботи надруковані:\r\n-	Розробка уроку “Іменник як частина мови” (систематизація й узагальнення вивченого в 6 кл.) – газета “Українська мова та література,” Шкільний світ, №41, листопад 2008 р. \r\n-	Розробка уроку з літератури для 7 кл. з теми “О. Стороженко “Скарб”. Гумористичне, викривальне зображення головного героя. Скарб – узагальнений образ щастя” – сайт Всеукраїнського проекту “Відкритий світ”.\r\n-	Програма філологічного гуртка МАН “Морфологічна стилістика української мови,” затверджена на засіданні Вченої ради ЧОІППО  ім. К. Ушинського (протокол №6 від 06.12.2012)','profile.jpg'),(84,'Страх Людмила Михайлівна',5,3,4,1,'досвід роботи засвідчує, що інтеграція України в європейське і світове співтовариство передбачає розвиток особистості, її духовної культури.  Визнання пріоритету морально-духовного розвитку особистості спрямовує виховні системи на пошук удосконалення шляхів оновлення змісту і технологій навчання та виховання. Доцільно впроваджувати досвід через:\r\n•	формування читача як високодуховної, інтелектуальної та творчої особистості;\r\n•	стимулювання інтересу учнів до навчального предмета;\r\n•	глибоке засвоєння програмового матеріалу;\r\n•	розвиток здатності до критичних суджень;\r\n•	формування незалежної точки зору й виявлення поваги до поглядів товаришів;\r\n•	набуття навичок самостійної пізнавальної діяльності;\r\n•	розвиток особистості учня та його адаптацію у світовому інформаційному просторі.\r\n	Даний ППД було презентовано на засіданні науково-методичної    ради міського методичного центру управління освіти Прилуцької міської ради у 2012році . Матеріали з досвіду роботи надруковані у  посібнику   «Методичні рекомендації щодо викладання світової літератури . Уроки позакласного читання у 5-9 класах»2011рік.\r\n\r\nТема досвіду: «Формування морально-етичних орієнтирів учня в умовах сучасного інформативного простору на уроках світової літератури»	\r\nКороткий опис ППД: досвід роботи засвідчує, що інтеграція України в європейське і світове співтовариство передбачає розвиток особистості, її духовної культури.  Визнання пріоритету морально-духовного розвитку особистості спрямовує виховні системи на пошук удосконалення шляхів оновлення змісту і технологій навчання та виховання. Доцільно впроваджувати досвід через:\r\n•	формування читача як високодуховної, інтелектуальної та творчої особистості;\r\n•	стимулювання інтересу учнів до навчального предмета;\r\n•	глибоке засвоєння програмового матеріалу;\r\n•	розвиток здатності до критичних суджень;\r\n•	формування незалежної точки зору й виявлення поваги до поглядів товаришів;\r\n•	набуття навичок самостійної пізнавальної діяльності;\r\n•	розвиток особистості учня та його адаптацію у світовому інформаційному просторі.\r\n	Даний ППД було презентовано на засіданні науково-методичної    ради міського методичного центру управління освіти Прилуцької міської ради у 2012році . Матеріали з досвіду роботи надруковані у  посібнику   «Методичні рекомендації щодо викладання світової літератури . Уроки позакласного читання у 5-9 класах»2011рік.','profile.jpg'),(85,'Білоус Світлана Володимирівна',18,4,4,4,'Матеріали ППД засвідчують, що завдяки використанню  методичних рекомендацій  Л.Б.Фесюкової щодо методів роботи з казкою та інноваційній технології ТРВЗ  Г. Альтшуллера - знайдено шляхи навчання дошкільнят через театр. Як результат  :  поліпшилась пам’ять, значно зміцнилося і точнішим стало відтворення почутого, багатшим став  духовний світ дошкільників. Вихователь Білоус С.В. працює в групі з  пріоритетом  художньо-естетичного розвитку «Казка» за варіативною складовою розробленою нею  відповідно Базової програми  «Я у Світі».\r\n  Досвід  роботи з даної проблеми представлений  у методичних рекомендаціях  «У світі казки чарівної». м. Прилуки, 2012р.','profile.jpg'),(86,'Денисенко Наталія Павлівна',18,6,4,5,'Основою досвіду  - є впровадження в освітній процес розвивальних ігор за методикою Ігоря Матюгіна «Школа Ейдетики». В роботі з дітьми дошкільного віку ця методика дозволяє досить ефективно розвивати дитячу  пам’ять,уяву, мову,  спостережливість, уміння  знаходити оригінальні рішення. Заняття з використанням  ігор   методики «Ейдос» завжди цікаві для дітей , бо відбуваються як гра. Навчаючи малят добре бачити певний образ, чути притаманний йому звук, відчувати запах та відтворювати в пам’яті відчуття , ми формуємо у дітей здатність до асоціативного творчого мислення, коли нове в уяві народжується миттєво, збуджуючи великий спектр почуттів і легко запам’ятовується.\r\nДосвід оформлений в методичний посібник  «Педагогіка майбутнього. Ваша дитина –ейдетик»  2013р. м.Прилуки','profile.jpg'),(87,'Данік Галина Іванівна',24,4,4,2,'Матеріали ППД засідчують  використання передових ідей С.Ф.Русової та вимог Базової програми розвитку дитини дошкільного віку «Я у Світі»\" у формуванні духовно - моральної особистості.\r\n	Досвід оформлено в методичні посібники: «Скарбничка духовності» та «Дитячі молитви».\r\n	Добірка практичного матеріалу сприятиме  розкриттю глибокого розуміння дітьми християнських цінностей, основних моральних переконань, допоможе побачити в навколишньому світі і людях добро та красу, сформує почуття любові до свого народу, рідного краю, слова,  ознайомить з книгою світового значення — Біблією, зважаючи на вимоги Базової програми розвитку дитини дошкільного віку «Я у Світі».','profile.jpg'),(88,'Макотра Тетяна Володимирівна',25,1,4,4,'Матеріали ППД засідчують проведення дослідно-експериментальної роботи на базі дошкільного навчального закладу №29 Прилуцької міської ради Чернігівської області  за темою «Розвиток мовленнєвої діяльності дітей дошкільного віку», де проходила  апробація програми «Розвиток мовленнєвої діяльності дітей дошкільного віку: діагностико-розвивальна програма» професора, кандидата педагогічних наук, завідувача лабораторії «Психолінгвістика розвитку дитини» ДВНЗ «Переяслав-Хмельницький державний педагогічний університет імені Григорія Сковороди»Калмикової Лариси Олександрівни.  Педагогічний колектив під керівництвом Тетяни Володимирівни створив систему роботи, щодо впровадження даної програми в освітній процес закладу.  Досвід оформлено у вигляді  методичних рекомендацій «Дослідно-експериментальна робота в дошкільному навчальному закладі» 2012р. м.Прилуки.','profile.jpg'),(89,'Безкровна Любов  Михайлівна',22,4,1,4,'Матеріали ППД засвідчують доцільність організації гурткової роботи з метою виховання творчої особистості дошкільника, вирішення проблеми своєчасного виявлення здібностей, інтересів, мотивів та потреб пізнання дітьми довкілля. Вихователь створила умови для активного самовираження дітей як творчих особистостей; які сприяють формуванню креативних, мовленнєво -комунікативних задатків; збагачує інтелектуальну, моральну, емоційно-вольову сфери життєдіяльності дошкільників. Вихователь розробила план гурткової роботи на навчальний рік для дітей молодшого, середнього та старшого дошкільного віку відповідно тематичного планування; методичні рекомендації для педагогів по здійсненню гурткової роботи; особливості діагностування дітей по визначенню рівня розвитку; тести для батьків; створення необхідного предметно-розвивального середовища. Досвід оформлено у методичні рекомендації «Руками творяться дива», рік видання 2011, м. Прилуки','profile.jpg'),(90,'Фролова Тетяна Анатоліївна',22,4,4,4,'Матеріали ППД підпорядковані реалізації науково – методичної теми управління освіти «Формування сталих світоглядних орієнтирів  та духовно – моральних цінностей особистості». Вихователь систематизувала краєзнавчий матеріал з питань історії, культури, промисловості рідного міста; розробила орієнтовне перспективне планування краєзнавчої роботи відповідно тематичного планування  за програмою «Я у Світі» на навчальний рік; конспекти занять, цільових екскурсій по ознайомленню з історико - архітектурними пам?ятками міста; зібрала цікаві фотоматеріали; поетичні твори  поетів – земляків. Досвід оформлено у методичні рекомендації «Прилуки – моя мала Батьківщина», рік видання 2011, м. Прилуки','profile.jpg'),(91,'Саполович Людмила Миколаївна',22,4,1,4,'Матеріали ППД засвідчують можливості впровадження принципу особистісно-орієнтовного підходу шляхом проведення гурткової роботи  за Базовою програмою розвитку дитини дошкільного віку «Я у Світі» по розвитку творчих здібностей та інтелекту дітей старшого дошкільного віку. Вихователь розробила план гурткової роботи на навчальний рік; методичні рекомендації для педагогів по здійсненню гурткової роботи; особливості діагностування дітей по визначенню рівня розвитку; тести для батьків; створення необхідного предметно-розвивального середовища. Досвід оформлено у методичні рекомендації «Ерудит», рік видання 2011, м. Прилуки','profile.jpg'),(92,'Ляшенко Олена Іванівна',15,1,4,4,'Матеріали ППД засідчують використання передових ідей В.О.Сухомлинського в освітньо-виховному процесі з дітьми, педагогами та батьківською громадськістю. Педагогічний колектив під керівництвом Олени Іванівни створив систему роботи, щодо впровадження гуманістичних ідей педагога. Організували роботу групи з пріоритетним напрямом гуманітарного спрямування поєднавши з ідеями В.О.Сухомлинського. Досвід оформлено в методичний посібник «Розвиток духовності творчої інтелектуальної особистості дошкільника в світлі педагогічної спадщини В.О.Сухомлинського» 2009р. м.Прилуки.','profile.jpg'),(93,'Мазуренко Ірина Миколаївна',20,4,2,4,'Матеріали творчої групи засвідчують розширення знань педагогів про духовно – моральні цінності, орієнтири, формування умов для розвитку дитячої особистості. Під керівництвом Ірини Миколаївни педагоги спеціалізованих закладів створили анотовану картотеку звичаїв і обрядів відповідно до циклічності української календарної обрядовості та циклограму використання дидактичних ігор народознавчого змісту з дітьми в спеціалізованих закладах. Організували роботу творчої групи з проведенням круглого столу «Духовні острови народу», перегляду свята – розваги «Наш дитячий садок – дім любові та добра» та презентації досвіду роботи,щодо проведення календарно – обрядових  свят в спеціалізованих закладах .','profile.jpg'),(94,'Степенкова Тетяна Миколаївна',20,4,1,4,'Матеріали ППД засвідчують використання нетрадиційних технік та інструментів малювання в  роботі з дітьми, педагогами та батьками.  \r\nПедагог розробила систему планування організованої пізнавальної діяльності художньо – естетичного спрямування для дітей з особливими освітніми можливостями.\r\nПредставила цікаві, нетрадиційні, змістовні конспекти занять, збагачені яскравими привабливими матеріалами.\r\nСвій досвід Степенкова Т.М.  вмістила в методичний посібник «Виховання дітей з особливими освітніми можливостями засобами образотворчого мистецтва» 2012р. М. Прилуки','profile.jpg'),(95,'Теплова Людмила Олександрівна',20,16,4,3,'Представлений досвід цікавий та цінний нетрадиційними формами та методами роботи з новим матеріалом –гудзиком. Розкрито його можливості в забезпеченні комплексного навчального, корекційно – розвивального спрямування.\r\n Розроблена гнучка система впровадження нового матеріалу в освітньо – виховний процес, що дало змогу піднести роботу з дітьми з особливими освітніми потребами на більш високий рівень.\r\n Досвід оформлено в методичний посібник «Ґудзик – як новий матеріал в освітньо  - виховному процесі» 2012р. м.Прилуки.','profile.jpg'),(96,'Сугак Галина Миколаївна',5,3,4,1,'досвід роботи засвідчує доцільність використання інтерактивних технологій на уроках іноземної мови з метою вдосконалення навчального процесу й залучення кожного учня до спільної роботи. Враховуючи вікові особливості учнів, автор ППД використовує такі методи й прийоми:\r\n- інтерактивні технології кооперативного навчання;\r\n- інтерактивні технології групового навчання;\r\n- технології опрацювання дискусійних питань;\r\n- інтерактивні технології ситуативного моделювання.\r\n  Розвиваючи монологічне та діалогічне мовлення з використанням інтерактивних  технологій, автор учить учнів:\r\n- мислити іноземною мовою;\r\n- розвивати мовну здогадку;\r\n- висловлювати власні думки вголос;\r\n- вести бесіду;\r\n- виявляти інтерес до культури країни, мова якої вивчається.\r\nДосвід презентований на засіданні міського методичного об’єднання вчителів іноземної мови в 2012 році.','profile.jpg'),(97,'Тарнопольська Людмила Іванівна',5,4,4,4,'Проблема морального виховання особистості належить до числа найбільш важливих проблем сучасної педагогічної науки. Її актуальність обумовлена гостротою стану моральності в українському суспільстві. \r\nАвтором ППД розроблено виховні заходи для розв’язання таких завдань:\r\n-	виховання високих духовних почуттів і моральної свідомості;\r\n-	виховання працелюбності, творчого ставлення до навчання, праці, життя;\r\n-	формування ціннісного ставлення до здоров’я й здорового способу життя;\r\n-	формування ціннісного ставлення до збереження сімейних традицій та створення власної сім’ї й народження дітей;\r\n-	виховання бережливого ставлення до  навколишнього середовища.\r\n	Досвід учителя презентовано на засіданні науково-методичної ради міського методичного центру управління освіти Прилуцької міської ради в лютому 2012 року. Автором розроблені методичні рекомендації «Освітньо-виховні заняття духовно-морального спрямування  в ГПД».','profile.jpg'),(98,'Черномаз Ірина Михайлівна',5,3,4,3,'досвід роботи засвідчує, що в процесі навчання та виховання молодших школярів автором накопичений багатий матеріал, який опублікований в методичних посібниках для вчителів та студентів «Формування екологічної культури молодших школярів» (2005, 2006 р.р.). Автором ППД реалізовується розв\'язання таких завдань:\r\n- удосконалення екологічних знань школярів;\r\n- розвиток уявлення про цілісну картину світу природи;\r\n- розвиток естетичних почуттів та здатності співпереживати  в процесі споглядання об’єктів природи.\r\n- виховання прагнень берегти природні об’єкти. \r\nДаний ППД було презентовано на засіданні науково-методичної ради міського методичного центру управління освіти Прилуцької міської ради у 2011 році.','profile.jpg'),(99,'Шматко Віктор Миколайович',5,3,4,1,'досвід роботи засвідчує, що в процесі викладання шкільного курсу фізичної культури доцільно використовувати сучасні, інноваційні технології, враховуючи вікові особливості учнів. Автор ППД  передбачає розв\'язання низки завдань:\r\n-	зміцнення здоров’я й сприяння гармонійному розвитку дитини;\r\n-	формування свідомого ставлення до здоров’я як найвищої соціальної цінності;\r\n-	упровадження методичних підходів у фізичному вихованні на основі принципу «рух назустріч природі»;\r\n-	використання інноваційних здоров’язберігаючих освітніх технологій та особистісно орієнтованого підходу до навчання та виховання з метою підвищення інтересу до уроків фізичної культури;\r\n-	 оцінювання учнів  з фізичної культури, враховуючи діапазон їхніх реальних можливостей;\r\n-	 моніторинг вивчення стану здоров’я учнів та рівня їх фізичного розвитку.\r\nДосвід роботи вчителя презентувався на засіданні міського методичного об’єднання вчителів фізичної культури в 2011 році.','profile.jpg'),(100,'Прокопенко Людмила Вікторівна',25,5,4,2,'Матеріали ППД засідчують проведення дослідно-експериментальної роботи на базі дошкільного навчального закладу №29 Прилуцької міської ради Чернігівської області  за темою «Розвиток мовленнєвої діяльності дітей дошкільного віку», де проходила  апробація програми «Розвиток мовленнєвої діяльності дітей дошкільного віку: діагностико-розвивальна програма» професора, кандидата педагогічних наук, завідувача лабораторії «Психолінгвістика розвитку дитини» ДВНЗ «Переяслав-Хмельницький державний педагогічний університет імені Григорія Сковороди»Калмикової Лариси Олександрівни. Досвід оформлено у вигляді  методичних рекомендацій «Дослідно-експериментальна робота в дошкільному навчальному закладі» 2012р. м.Прилуки.','profile.jpg'),(101,'Прокопець Людмила Олексіївна',1,3,4,1,'досвід роботи засвіідчує, що в процесі вивчення читання та української мови в початкових класах, доцільно використовувати сучасні інноваційні технології враховуючи вікові особливості учнів. Навчання української мови та читання дає величезні можливості для розвитку пізнавальної діяльності молодших школярів, їх творчих здібностей, зв’язного усного і писемного мовлення. Матеріали підручників містять достатню кількість вправ творчого характеру, але на уроках добирається ще багато додаткових завдань, які сприяють розвитку пізнавальної активності учнів та їх зв’язного мовлення. \r\n	Даний ППД було розглянуто на засіданні методичного об’єднання вчителів початкових класів гімназії № 1, матеріали з досвіду роботи були надруковані в посібниках « Виховуємо громадян» 2007р. «Матеріалі для підготовки до уроків  української мові» 2008 р. «Екологічна скарбничка» 2008 р.','profile.jpg'),(102,'Соловей  Валентина Миколаївна',1,3,4,3,'досвід роботи засвідчує, що шляхом застосування технології ігрового навчання реалізуються такі завдання:\r\n•	формується система знань про природу;\r\n•	формується розуміння взаємозв’язків і взаємозалежностей, що існують в природі;\r\n•	пробуджується навчально – пізнавальна активність учнів;\r\n•	розвиваються якості творчої особистості;\r\n•	виховується бажання зберігати й охороняти природу\r\nДаний  ППД було презентовано на міському « Методичному фестивалі» (засідання ради ММЦ – 2011р.).','profile.jpg'),(103,'Соболь Ольга Петрівна',10,3,4,3,'досвід роботи засвідчує, що в процесі вивчення шкільного предмета «Трудове навчання» з 5 по 11 клас доцільно використовувати сучасні, нетрадиційні типи уроків та форми їх проведення, такі як  урок-подорож, творча-майстерня, урок-конкурс, урок-залік. Інструктаж до практичної роботи вчитель розпочинає із оголошення завдань, які учні повинні виконати до кінця уроку. Автор ППД вважає, що успішність виконання практичної роботи залежить від факторів:\r\n-	доступність даній віковій категорії;\r\n-	бажанню дітей виконати дану практичну роботу;\r\n-	елементів новизни;\r\n-	стимулювання навчання;\r\n-	відповідності мети учня – меті вчителя;\r\nДаний ППД було презентовано на засіданні ММО вчителів трудового навчання','profile.jpg'),(104,'Тригубенко Людмила Іванівна',8,3,4,1,'досвід роботи засвідчує, що в процесі вивчення шкільного предмета «Світова література» з 5 по 9 клас найефективнішою є та інформація, яка впливає на кілька органів чуття, й запам’ятовується  вона тим краще й міцніше, чим більше каналів її сприйняття активізовано. Тож саме візуалізація інформації може значно підвищити ефективність осмислення навчального матеріалу, зробити урок цікавим і корисним.\r\n   Візуальний – (від лат. – зоровий ) спостережуваний неозброєним оком. \r\n   Понад 2400 років тому Конфуцій наголошував \r\n    Те, що я чую, я забуваю. \r\n     Те, що я бачу, я пам’ятаю. \r\n      Те, що я роблю, я розумію. \r\n    Це твердження обгрунтовує необхідність використання наочності у поєднанні з інтерактивними методами навчання. Знаючи, що учню важко запам’ятати весь текст художнього твору, що в пам’яті уважного читача інформація залишається як ключовий образ, ключова фраза, ключова подія, вирішила об’єднати все це у візуальний сигнал. \r\n   Не секрет, що учні сприймають книгу на слух і на «зір». І зорова інформація, як стверджують вчені, у багато разів перевищує можливості слухової. Використання наочності під час лекції збільшує осмислення матеріалу від 14 до 38%. Експеримент, проведений американськими дослідниками, засвідчив, що використання візуальних засобів під час вивчення слів на 200% поліпшує результати. Крім того, така презентація матеріалу забирає на 40% менше часу, вона підсилює усне подання теми. Візуалізація варта не тільки сотні слів, а й утричі ефективніша за одні лише слова. \r\n   Забезпечуючи поетапне ускладнення у створенні та використанні знакового (візуального) матеріалу, складаючи максимально простий схемний матеріал, намагаюсь формувати стійкий пізнавальний інтерес учнів, інтенсифікуючи їх розумову працю, розвиваючи творчі здібності, сприяю ефективному осмисленню навчального матеріалу. \r\n   Візуалізація навчального матеріалу передбачає розв’язання низки завдань: \r\n    -- ефективне осмислення навчального матеріалу; \r\n    -- розвиток пізнавального інтересу; \r\n    -- відпрацювання з учнями вмінь та навичок аналізу та  \r\n   інтерпретації художнього тексту; \r\n     -- розкриття творчих можливостей учнів; \r\n     -- розвиток усного та писемного мовлення школярів, а також їхнього \r\n   мислення; \r\n -- готовність до формування сучасних життєво важливих \r\n     компетенцій. \r\n     Даний ППД було презентовано на засіданні шкільного та міського МО вчителів світової літератури у 2010 – 2011 н. р.','profile.jpg'),(105,'Ходюк Ярослав Васильович',10,3,4,1,'досвід роботи засвідчує,  що в процесі вивчення шкільного предмета “Географія” з 6 по 10 клас доцільно використовувати сучасні, інтерактивні технології та проблемне навчання, враховуючи вікові особливості учнів. З метою залучення учнів до навчального процесу, стимулювання в них пізнавальної активності і самостійності, вчитель використовує такі методи: \r\n-	самостійна робота;\r\n-	проблемні та творчі завдання (часто домашні);\r\n-	запитання від учня до вчителя й навпаки, що розвиває творче мислення\r\nНалежна увага приділяється роботі з картографічними матеріалами. Самостійну роботу учні виконують не лише індивідуально, а й у складі груп чи пар. Це підвищує інтерес учнів до знань, розширює кругозір, зростає самооцінка.\r\n	Даний ППД було презентовано на засіданні ММО вчителів географії.','profile.jpg'),(106,'Хорт Світлана Вадимівна',25,4,1,4,'Матеріали ППД засідчують використання інноваційних технологій в ході організації фізкультурно-оздоровчої роботи в ДНЗ. \r\n Досвід оформлено у вигляді  методичних рекомендацій «Формування валеологічної свідомості особистості. Становлення її фізичного і морального здоров’я» 2012р. м.Прилуки.','profile.jpg'),(107,'Чайка Ірина Василівна',10,3,4,1,'досвід роботи засвідчує,  що в процесі вивчення шкільного предмета «Англійської мова» самостійна робота відіграє важливу роль. Набуття самостійності перетворює учня з носія академічних знань на людину соціально активну, налаштовану на соціалізацію у суспільстві з метою практичного використання здобутих знань. З метою організації самостійної роботи автор ППД організовує проектну роботу, шляхом використання проектних технологій вирішуються ряд проблем:\r\n-	розвиває пізнавальні можливості;\r\n-	творчі навички, уміння самостійно конструювати свої знання;\r\n-	орієнтуватись в інформаційному просторі;\r\n-	розвивати критичне мислення.\r\nДаний ППД було презентовано на засіданні ММО вчителів іноземних мов у 2010 році.','profile.jpg'),(108,'Бутенко Світлана Іванівна',4,3,4,1,'досвід роботи засвідчує, що в процесі вивчення шкільного предмета “Українська мова та література” з 5 по 11 клас доцільно використовувати сучасні, інформаційні технології враховуючи вікові особливості учнів. Автором ППД створено технологічну картку  по впровадженню інноваційних технологій навчання з 5 по 11 клас, яка передбачає розв\'язання низки завдань:\r\n-	розвиток пізнавального інтересу;\r\n-	розкриття творчих можливостей учня;\r\n-	формування дослідницько-практичних умінь та навичок;\r\n-	розвиток в учнів самостійності;\r\n-	готовність до формування сучасних життєво важливих компетенцій.\r\n	Даний ППД було презентовано на засіданні методичної ради методичного центру управління освіти Прилуцької міської ради (лютий, 2012р.)','profile.jpg'),(109,'Голік Андрій Анатолійович',4,3,4,1,'досвід роботи засвідчує, що в процесі вивчення шкільного предмета “Фізика” з 7 по 11 клас доцільно використовувати сучасні, інформаційні технології враховуючи вікові особливості учнів. Автором ППД створено технологічну картку  по впровадженню інноваційних технологій навчання з 7 по 11 клас, яка передбачає розв\'язання низки завдань:\r\n-	розвиток пізнавального інтересу;\r\n-	розкриття творчих можливостей учня;\r\n-	формування дослідницько-практичних умінь та навичок;\r\n-	розвиток в учнів самостійності;\r\n-	готовність до формування сучасних життєво важливих компетенцій.\r\n	Даний ППД було презентовано на засіданні методичної ради методичного центру управління освіти Прилуцької міської ради \r\n(лютий, 2012р.)','profile.jpg'),(110,'Гринько Валентина   Миколаївна',4,3,4,3,'досвід роботи засвідчує, що в процесі вивчення шкільного предмета “Іноземна мова (англійська)” з 5 по 11 клас доцільно використовувати сучасні, інформаційні технології враховуючи вікові особливості учнів. Автором ППД створено технологічну картку  по впровадженню інноваційних технологій навчання з 5 по 11 клас, яка передбачає розв\'язання низки завдань:\r\n-	розвиток комунікативних навиків оволодіння іноземною мовою;\r\n-	розвиток пізнавального інтересу;\r\n-	розкриття творчих можливостей учня;\r\n-	формування дослідницько-практичних умінь та навичок;\r\n-	розвиток в учнів самостійності;\r\n-	готовність до формування сучасних життєво важливих компетенцій.\r\n	Даний ППД було презентовано на засіданні методичної ради методичного центру управління освіти Прилуцької міської ради (лютий, 2013р.)','profile.jpg'),(111,'Джевага Алла Василівна',4,3,4,1,'досвід роботи засвідчує, що в процесі вивчення предметів початкової школи доцільно використовувати сучасні, інформаційні технології враховуючи вікові особливості учнів. Автором ППД створено технологічну картку  по впровадженню інноваційних технологій навчання , яка передбачає розв\'язання низки завдань:\r\n-	розвиток логічного мислення;\r\n-	розвиток пізнавального інтересу;\r\n-	розкриття творчих можливостей учня;\r\n-	формування дослідницько-практичних умінь та навичок;\r\n-	розвиток в учнів самостійності;\r\n-	готовність до формування сучасних життєво важливих компетенцій.\r\n	Даний ППД було презентовано на засіданні методичної ради методичного центру управління освіти Прилуцької міської ради\r\n (лютий, 2012р.)','profile.jpg'),(112,'Дурас Лариса Анатоліївна',4,3,4,1,'досвід роботи засвідчує, що в процесі вивчення   предметів початкової школи доцільно використовувати сучасні, інформаційні технології враховуючи вікові особливості учнів. Автором ППД створено технологічну картку  по впровадженню інноваційних технологій навчання , які передбачають  розв\'язання низки завдань:\r\n-	розвиток логічного мислення;\r\n-	розвиток пізнавального інтересу;\r\n-	розкриття творчих можливостей учня;\r\n-	формування дослідницько-практичних умінь та навичок;\r\n-	розвиток в учнів самостійності;\r\n-	готовність до формування сучасних життєво важливих компетенцій.\r\n	Даний ППД було презентовано на засіданні методичної ради методичного центру управління освіти Прилуцької міської ради \r\n(лютий, 2012р.)','profile.jpg'),(113,'Єдунова Людмила Віталіївна',4,3,4,3,'досвід роботи засвідчує, що в процесі вивчення шкільного предмета “Історія та правознавство” з 5 по 11 клас доцільно використовувати сучасні, інформаційні технології враховуючи вікові особливості учнів. Автором ППД створено технологічну картку  по впровадженню інноваційних технологій навчання з 5 по 11 клас, яка передбачає розв\'язання низки завдань:\r\n-	розвиток пізнавального інтересу;\r\n-	розкриття творчих можливостей учня;\r\n-	формування дослідницько-практичних умінь та навичок;\r\n-	розвиток в учнів самостійності;\r\n-	готовність до формування сучасних життєво важливих компетенцій.\r\n	Даний ППД було презентовано на засіданні методичної ради методичного центру управління освіти Прилуцької міської ради \r\n(лютий, 2012р.)','profile.jpg'),(114,'Єлістратова Тетяна Миколаївна',4,3,4,1,'досвід роботи засвідчує, що в процесі вивчення шкільного предмета “Світова література” з 5 по 11 клас доцільно використовувати сучасні, інформаційні технології враховуючи вікові особливості учнів. Автором ППД створено технологічну картку  по впровадженню інноваційних технологій навчання з 5 по 11 клас, яка передбачає розв\'язання низки завдань:\r\n-	розвиток пізнавального інтересу;\r\n-	розкриття творчих можливостей учня;\r\n-	формування дослідницько-практичних умінь та навичок;\r\n-	розвиток в учнів самостійності;\r\n-	готовність до формування сучасних життєво важливих компетенцій.\r\n	Даний ППД було презентовано на засіданні методичної ради методичного центру управління освіти Прилуцької міської ради \r\n(лютий, 2013р.)','profile.jpg'),(115,'Каленіченко Віра Іванівна',4,3,4,1,'досвід роботи засвідчує, що в процесі вивчення шкільного предмета “Математика” з 5 по 11 клас доцільно використовувати сучасні, інформаційні технології враховуючи вікові особливості учнів. Автором ППД створено технологічну картку  по впровадженню інноваційних технологій навчання з 5 по 11 клас, яка передбачає розв\'язання низки завдань:\r\n-	розвиток логічного мислення;\r\n-	розвиток пізнавального інтересу;\r\n-	розкриття творчих можливостей учня;\r\n-	формування дослідницько-практичних умінь та навичок;\r\n-	розвиток в учнів самостійності;\r\n-	готовність до формування сучасних життєво важливих компетенцій.\r\n	Даний ППД було презентовано на засіданні методичної ради методичного центру управління освіти Прилуцької міської ради (лютий, 2013р.)','profile.jpg'),(116,'Кобел Тетяна Олексіївна',4,17,4,4,'досвід роботи засвідчує, що в навчально-виховному процесі   доцільно використовувати сучасні, інформаційні технології враховуючи вікові особливості учнів. Автором ППД створено технологічну картку  по впровадженню інноваційних технологій навчання та виховання, які передбачають  розв\'язання низки завдань:\r\n-	розвиток пізнавального інтересу;\r\n-	розкриття творчих можливостей учня;\r\n-	формування дослідницько-практичних умінь та навичок;\r\n-	розвиток в учнів самостійності;\r\n-	готовність до формування сучасних життєво важливих компетенцій;\r\n-	 виховання духовно-моральних цінностей молодших школярів.\r\n	Даний ППД було презентовано на засіданні методичної ради методичного центру управління освіти Прилуцької міської ради (лютий, 2012р.)','profile.jpg'),(117,'Козак Оксана Анатоліївна',4,17,4,4,'досвід роботи засвідчує, що в навчально-виховному процесі   доцільно використовувати сучасні, інформаційні технології враховуючи вікові особливості учнів. Автором ППД створено технологічну картку  по впровадженню інноваційних технологій навчання та виховання, які передбачають  розв\'язання низки завдань:\r\n-	розвиток пізнавального інтересу;\r\n-	розкриття творчих можливостей учня;\r\n-	формування дослідницько-практичних умінь та навичок;\r\n-	розвиток в учнів самостійності;\r\n-	готовність до формування сучасних життєво важливих компетенцій;\r\n-	 виховання духовно-моральних цінностей молодших школярів.\r\n	Даний ППД було презентовано на засіданні методичної ради методичного центру управління освіти Прилуцької міської ради (лютий, 2012р.)','profile.jpg'),(118,'Кузнєцова Світлана Василівна',4,3,4,1,'досвід роботи засвідчує, що в процесі вивчення предметів початкової школи доцільно використовувати сучасні, інформаційні технології враховуючи вікові особливості учнів. Автором ППД створено технологічну картку  по впровадженню інноваційних технологій навчання , яка передбачає розв\'язання низки завдань:\r\n-	розвиток логічного мислення;\r\n-	розвиток пізнавального інтересу;\r\n-	розкриття творчих можливостей учня;\r\n-	формування дослідницько-практичних умінь та навичок;\r\n-	розвиток в учнів самостійності;\r\n-	готовність до формування сучасних життєво важливих компетенцій.\r\n	Даний ППД було презентовано на засіданні методичної ради методичного центру управління освіти Прилуцької міської ради (лютий, 2012р.)','profile.jpg');
/*!40000 ALTER TABLE `teachers` ENABLE KEYS */;
UNLOCK TABLES;

--
-- Table structure for table `teachers_with_subjects`
--

DROP TABLE IF EXISTS `teachers_with_subjects`;
/*!40101 SET @saved_cs_client     = @@character_set_client */;
/*!40101 SET character_set_client = utf8 */;
CREATE TABLE `teachers_with_subjects` (
  `id_teacher_sub` int(3) unsigned NOT NULL AUTO_INCREMENT,
  `teacher_id` int(3) unsigned DEFAULT NULL,
  `subject_id` int(2) unsigned DEFAULT NULL,
  PRIMARY KEY (`id_teacher_sub`),
  KEY `TeacherKey` (`teacher_id`),
  KEY `SubjectKey` (`subject_id`),
  CONSTRAINT `subject_key` FOREIGN KEY (`subject_id`) REFERENCES `subjects` (`id_subject`) ON DELETE NO ACTION,
  CONSTRAINT `teacher_key` FOREIGN KEY (`teacher_id`) REFERENCES `teachers` (`id_teacher`) ON DELETE NO ACTION
) ENGINE=InnoDB AUTO_INCREMENT=133 DEFAULT CHARSET=utf8;
/*!40101 SET character_set_client = @saved_cs_client */;

--
-- Dumping data for table `teachers_with_subjects`
--

LOCK TABLES `teachers_with_subjects` WRITE;
/*!40000 ALTER TABLE `teachers_with_subjects` DISABLE KEYS */;
INSERT INTO `teachers_with_subjects` VALUES (1,1,11),(2,5,1),(3,1,14),(4,9,14),(5,9,15),(6,7,21),(7,8,21),(8,2,21),(9,2,22),(10,3,25),(11,4,7),(12,6,8),(13,10,24),(14,11,8),(15,12,14),(16,12,15),(17,13,14),(18,13,15),(19,14,11),(20,14,12),(21,15,1),(22,16,17),(23,17,1),(24,18,25),(25,19,11),(26,20,14),(27,21,3),(28,22,24),(29,23,25),(30,24,2),(31,24,6),(32,25,7),(33,25,23),(34,26,25),(35,27,10),(36,28,19),(37,28,20),(38,29,23),(39,30,25),(40,31,7),(41,31,23),(42,32,1),(43,33,11),(44,34,7),(45,35,25),(46,36,2),(48,36,6),(49,37,14),(50,38,10),(51,39,2),(52,40,24),(53,41,25),(54,42,14),(55,43,25),(56,44,25),(57,45,25),(58,46,26),(59,47,25),(60,48,9),(61,50,25),(62,51,3),(63,52,3),(64,53,9),(65,53,11),(66,54,19),(67,55,14),(68,55,15),(69,56,3),(70,57,37),(71,58,21),(72,59,25),(73,60,25),(74,62,1),(75,63,11),(76,64,11),(77,65,17),(78,66,9),(79,67,3),(80,68,25),(81,69,7),(82,70,25),(83,71,7),(84,72,24),(85,73,1),(86,74,8),(87,75,25),(88,76,1),(89,77,24),(90,78,7),(91,78,23),(92,79,10),(93,80,29),(94,81,25),(95,82,11),(96,83,1),(97,84,2),(98,85,27),(99,86,27),(100,87,27),(101,88,27),(102,89,27),(103,90,27),(104,91,27),(105,92,27),(106,93,27),(107,94,27),(108,95,38),(109,96,3),(110,96,4),(111,97,26),(112,99,17),(113,100,27),(114,101,25),(115,102,25),(116,103,24),(117,104,2),(118,105,11),(119,106,27),(120,107,3),(121,108,1),(122,109,8),(123,110,3),(124,111,25),(125,112,25),(126,113,14),(127,113,15),(128,114,2),(129,115,7),(130,116,25),(131,117,25),(132,118,25);
/*!40000 ALTER TABLE `teachers_with_subjects` ENABLE KEYS */;
UNLOCK TABLES;

--
-- Table structure for table `teaching_rank`
--

DROP TABLE IF EXISTS `teaching_rank`;
/*!40101 SET @saved_cs_client     = @@character_set_client */;
/*!40101 SET character_set_client = utf8 */;
CREATE TABLE `teaching_rank` (
  `id_rank` int(2) unsigned NOT NULL AUTO_INCREMENT,
  `teaching_rank` varchar(50) DEFAULT NULL,
  PRIMARY KEY (`id_rank`)
) ENGINE=InnoDB AUTO_INCREMENT=8 DEFAULT CHARSET=utf8;
/*!40101 SET character_set_client = @saved_cs_client */;

--
-- Dumping data for table `teaching_rank`
--

LOCK TABLES `teaching_rank` WRITE;
/*!40000 ALTER TABLE `teaching_rank` DISABLE KEYS */;
INSERT INTO `teaching_rank` VALUES (1,'Старший учитель'),(2,'Старший вихователь'),(3,'Учитель - методист'),(4,'Вихователь - методист'),(5,'Практичний психолог - методист'),(6,'Керівник гуртка - методист'),(7,'Педагог - організатор - методист');
/*!40000 ALTER TABLE `teaching_rank` ENABLE KEYS */;
UNLOCK TABLES;
/*!40103 SET TIME_ZONE=@OLD_TIME_ZONE */;

/*!40101 SET SQL_MODE=@OLD_SQL_MODE */;
/*!40014 SET FOREIGN_KEY_CHECKS=@OLD_FOREIGN_KEY_CHECKS */;
/*!40014 SET UNIQUE_CHECKS=@OLD_UNIQUE_CHECKS */;
/*!40101 SET CHARACTER_SET_CLIENT=@OLD_CHARACTER_SET_CLIENT */;
/*!40101 SET CHARACTER_SET_RESULTS=@OLD_CHARACTER_SET_RESULTS */;
/*!40101 SET COLLATION_CONNECTION=@OLD_COLLATION_CONNECTION */;
/*!40111 SET SQL_NOTES=@OLD_SQL_NOTES */;

-- Dump completed on 2016-07-14 11:13:22
